2026-04-20 21:08:21.297 - RealTimeSTT: realtimestt - INFO - Starting RealTimeSTT
2026-04-20 21:08:21.322 - RealTimeSTT: realtimestt - INFO - Initializing audio recording (creating pyAudio input stream, sample rate: 16000 buffer size: 512
2026-04-20 21:08:21.323 - RealTimeSTT: realtimestt - DEBUG - Starting audio data worker with target_sample_rate=16000, buffer_size=512, input_device_index=None
2026-04-20 21:08:21.323 - RealTimeSTT: realtimestt - INFO - Initializing WebRTC voice with Sensitivity 3
2026-04-20 21:08:21.323 - RealTimeSTT: realtimestt - DEBUG - Creating PyAudio interface...
2026-04-20 21:08:21.323 - RealTimeSTT: realtimestt - DEBUG - WebRTC VAD voice activity detection engine initialized successfully
2026-04-20 21:08:21.323 - RealTimeSTT: realtimestt - DEBUG - No device index supplied; using default device 26
2026-04-20 21:08:21.323 - RealTimeSTT: realtimestt - DEBUG - Retrieving highest sample rate for device index 26: {'index': 26, 'structVersion': 2, 'name': 'default', 'hostApi': 0, 'maxInputChannels': 128, 'maxOutputChannels': 128, 'defaultLowInputLatency': 0.008707482993197279, 'defaultLowOutputLatency': 0.008707482993197279, 'defaultHighInputLatency': 0.034829931972789115, 'defaultHighOutputLatency': 0.034829931972789115, 'defaultSampleRate': 44100.0}
2026-04-20 21:08:21.323 - RealTimeSTT: realtimestt - DEBUG - Highest supported sample rate for device index 26 is 44100
2026-04-20 21:08:21.323 - RealTimeSTT: realtimestt - DEBUG - Sample rates to try for device 26: [16000, 44100]
2026-04-20 21:08:21.323 - RealTimeSTT: realtimestt - DEBUG - Attempting to initialize audio stream at 16000 Hz.
2026-04-20 21:08:21.324 - RealTimeSTT: realtimestt - DEBUG - Found 33 total audio devices on the system.
2026-04-20 21:08:21.324 - RealTimeSTT: realtimestt - DEBUG - Available input devices with input channels: [0, 1, 3, 10, 14, 15, 16, 17, 18, 19, 20, 22, 23, 24, 26, 27, 28, 29, 30, 31, 32]
2026-04-20 21:08:21.324 - RealTimeSTT: realtimestt - DEBUG - Validating device index 26 with info: {'index': 26, 'structVersion': 2, 'name': 'default', 'hostApi': 0, 'maxInputChannels': 128, 'maxOutputChannels': 128, 'defaultLowInputLatency': 0.008707482993197279, 'defaultLowOutputLatency': 0.008707482993197279, 'defaultHighInputLatency': 0.034829931972789115, 'defaultHighOutputLatency': 0.034829931972789115, 'defaultSampleRate': 44100.0}
2026-04-20 21:08:21.430 - RealTimeSTT: realtimestt - DEBUG - Device index 26 successfully validated.
2026-04-20 21:08:21.430 - RealTimeSTT: realtimestt - DEBUG - Opening stream with device index 26, sample_rate=16000, chunk_size=1024
2026-04-20 21:08:21.443 - RealTimeSTT: realtimestt - INFO - Microphone connected and validated (device index: 26, sample rate: 16000, chunk size: 1024)
2026-04-20 21:08:21.444 - RealTimeSTT: realtimestt - DEBUG - Audio recording initialized successfully at 16000 Hz, reading 1024 frames at a time
2026-04-20 21:08:22.547 - RealTimeSTT: realtimestt - DEBUG - _audio_data_worker writing audio data into queue.
2026-04-20 21:08:23.573 - RealTimeSTT: realtimestt - DEBUG - _audio_data_worker writing audio data into queue.
2026-04-20 21:08:24.597 - RealTimeSTT: realtimestt - DEBUG - _audio_data_worker writing audio data into queue.
2026-04-20 21:08:25.620 - RealTimeSTT: realtimestt - DEBUG - _audio_data_worker writing audio data into queue.
2026-04-20 21:08:26.643 - RealTimeSTT: realtimestt - DEBUG - _audio_data_worker writing audio data into queue.
2026-04-20 21:08:27.667 - RealTimeSTT: realtimestt - DEBUG - _audio_data_worker writing audio data into queue.
2026-04-20 21:08:28.691 - RealTimeSTT: realtimestt - DEBUG - _audio_data_worker writing audio data into queue.
2026-04-20 21:08:29.715 - RealTimeSTT: realtimestt - DEBUG - _audio_data_worker writing audio data into queue.
2026-04-20 21:08:30.739 - RealTimeSTT: realtimestt - DEBUG - _audio_data_worker writing audio data into queue.
2026-04-20 21:08:31.763 - RealTimeSTT: realtimestt - DEBUG - _audio_data_worker writing audio data into queue.
2026-04-20 21:08:32.787 - RealTimeSTT: realtimestt - DEBUG - _audio_data_worker writing audio data into queue.
2026-04-20 21:08:33.811 - RealTimeSTT: realtimestt - DEBUG - _audio_data_worker writing audio data into queue.
2026-04-20 21:08:34.835 - RealTimeSTT: realtimestt - DEBUG - _audio_data_worker writing audio data into queue.
2026-04-20 21:08:35.859 - RealTimeSTT: realtimestt - DEBUG - _audio_data_worker writing audio data into queue.
2026-04-20 21:08:36.883 - RealTimeSTT: realtimestt - DEBUG - _audio_data_worker writing audio data into queue.
2026-04-20 21:08:37.907 - RealTimeSTT: realtimestt - DEBUG - _audio_data_worker writing audio data into queue.
2026-04-20 21:08:38.931 - RealTimeSTT: realtimestt - DEBUG - _audio_data_worker writing audio data into queue.
2026-04-20 21:08:39.955 - RealTimeSTT: realtimestt - DEBUG - _audio_data_worker writing audio data into queue.
2026-04-20 21:08:40.979 - RealTimeSTT: realtimestt - DEBUG - _audio_data_worker writing audio data into queue.
2026-04-20 21:08:42.003 - RealTimeSTT: realtimestt - DEBUG - _audio_data_worker writing audio data into queue.
2026-04-20 21:08:43.027 - RealTimeSTT: realtimestt - DEBUG - _audio_data_worker writing audio data into queue.
2026-04-20 21:08:44.051 - RealTimeSTT: realtimestt - DEBUG - _audio_data_worker writing audio data into queue.
2026-04-20 21:08:45.075 - RealTimeSTT: realtimestt - DEBUG - _audio_data_worker writing audio data into queue.
2026-04-20 21:08:46.099 - RealTimeSTT: realtimestt - DEBUG - _audio_data_worker writing audio data into queue.
2026-04-20 21:08:47.123 - RealTimeSTT: realtimestt - DEBUG - _audio_data_worker writing audio data into queue.
2026-04-20 21:08:48.147 - RealTimeSTT: realtimestt - DEBUG - _audio_data_worker writing audio data into queue.
2026-04-20 21:08:49.171 - RealTimeSTT: realtimestt - DEBUG - _audio_data_worker writing audio data into queue.
2026-04-20 21:08:50.195 - RealTimeSTT: realtimestt - DEBUG - _audio_data_worker writing audio data into queue.
2026-04-20 21:08:51.219 - RealTimeSTT: realtimestt - DEBUG - _audio_data_worker writing audio data into queue.
2026-04-20 21:08:52.243 - RealTimeSTT: realtimestt - DEBUG - _audio_data_worker writing audio data into queue.
2026-04-20 21:08:53.267 - RealTimeSTT: realtimestt - DEBUG - _audio_data_worker writing audio data into queue.
2026-04-20 21:08:54.291 - RealTimeSTT: realtimestt - DEBUG - _audio_data_worker writing audio data into queue.
2026-04-20 21:08:55.315 - RealTimeSTT: realtimestt - DEBUG - _audio_data_worker writing audio data into queue.
2026-04-20 21:08:56.339 - RealTimeSTT: realtimestt - DEBUG - _audio_data_worker writing audio data into queue.
2026-04-20 21:08:57.363 - RealTimeSTT: realtimestt - DEBUG - _audio_data_worker writing audio data into queue.
2026-04-20 21:08:58.386 - RealTimeSTT: realtimestt - DEBUG - _audio_data_worker writing audio data into queue.
2026-04-20 21:08:59.410 - RealTimeSTT: realtimestt - DEBUG - _audio_data_worker writing audio data into queue.
2026-04-20 21:09:00.434 - RealTimeSTT: realtimestt - DEBUG - _audio_data_worker writing audio data into queue.
2026-04-20 21:09:01.458 - RealTimeSTT: realtimestt - DEBUG - _audio_data_worker writing audio data into queue.
2026-04-20 21:09:02.482 - RealTimeSTT: realtimestt - DEBUG - _audio_data_worker writing audio data into queue.
2026-04-20 21:09:03.506 - RealTimeSTT: realtimestt - DEBUG - _audio_data_worker writing audio data into queue.
2026-04-20 21:09:04.530 - RealTimeSTT: realtimestt - DEBUG - _audio_data_worker writing audio data into queue.
2026-04-20 21:09:05.554 - RealTimeSTT: realtimestt - DEBUG - _audio_data_worker writing audio data into queue.
2026-04-20 21:09:06.578 - RealTimeSTT: realtimestt - DEBUG - _audio_data_worker writing audio data into queue.
2026-04-20 21:09:07.602 - RealTimeSTT: realtimestt - DEBUG - _audio_data_worker writing audio data into queue.
2026-04-20 21:09:08.626 - RealTimeSTT: realtimestt - DEBUG - _audio_data_worker writing audio data into queue.
2026-04-20 21:09:09.650 - RealTimeSTT: realtimestt - DEBUG - _audio_data_worker writing audio data into queue.
2026-04-20 21:09:10.674 - RealTimeSTT: realtimestt - DEBUG - _audio_data_worker writing audio data into queue.
2026-04-20 21:09:11.698 - RealTimeSTT: realtimestt - DEBUG - _audio_data_worker writing audio data into queue.
2026-04-20 21:09:12.722 - RealTimeSTT: realtimestt - DEBUG - _audio_data_worker writing audio data into queue.
2026-04-20 21:09:13.746 - RealTimeSTT: realtimestt - DEBUG - _audio_data_worker writing audio data into queue.
2026-04-20 21:09:14.770 - RealTimeSTT: realtimestt - DEBUG - _audio_data_worker writing audio data into queue.
2026-04-20 21:09:15.794 - RealTimeSTT: realtimestt - DEBUG - _audio_data_worker writing audio data into queue.
2026-04-20 21:09:16.818 - RealTimeSTT: realtimestt - DEBUG - _audio_data_worker writing audio data into queue.
2026-04-20 21:09:17.842 - RealTimeSTT: realtimestt - DEBUG - _audio_data_worker writing audio data into queue.
2026-04-20 21:09:18.866 - RealTimeSTT: realtimestt - DEBUG - _audio_data_worker writing audio data into queue.
2026-04-20 21:09:19.890 - RealTimeSTT: realtimestt - DEBUG - _audio_data_worker writing audio data into queue.
2026-04-20 21:09:20.914 - RealTimeSTT: realtimestt - DEBUG - _audio_data_worker writing audio data into queue.
2026-04-20 21:09:21.938 - RealTimeSTT: realtimestt - DEBUG - _audio_data_worker writing audio data into queue.
2026-04-20 21:09:22.962 - RealTimeSTT: realtimestt - DEBUG - _audio_data_worker writing audio data into queue.
2026-04-20 21:09:23.986 - RealTimeSTT: realtimestt - DEBUG - _audio_data_worker writing audio data into queue.
2026-04-20 21:09:25.010 - RealTimeSTT: realtimestt - DEBUG - _audio_data_worker writing audio data into queue.
2026-04-20 21:09:26.034 - RealTimeSTT: realtimestt - DEBUG - _audio_data_worker writing audio data into queue.
2026-04-20 21:09:27.058 - RealTimeSTT: realtimestt - DEBUG - _audio_data_worker writing audio data into queue.
2026-04-20 21:09:28.082 - RealTimeSTT: realtimestt - DEBUG - _audio_data_worker writing audio data into queue.
2026-04-20 21:09:29.106 - RealTimeSTT: realtimestt - DEBUG - _audio_data_worker writing audio data into queue.
2026-04-20 21:09:30.130 - RealTimeSTT: realtimestt - DEBUG - _audio_data_worker writing audio data into queue.
2026-04-20 21:09:31.154 - RealTimeSTT: realtimestt - DEBUG - _audio_data_worker writing audio data into queue.
2026-04-20 21:09:32.178 - RealTimeSTT: realtimestt - DEBUG - _audio_data_worker writing audio data into queue.
2026-04-20 21:09:33.202 - RealTimeSTT: realtimestt - DEBUG - _audio_data_worker writing audio data into queue.
2026-04-20 21:09:34.226 - RealTimeSTT: realtimestt - DEBUG - _audio_data_worker writing audio data into queue.
2026-04-20 21:09:35.250 - RealTimeSTT: realtimestt - DEBUG - _audio_data_worker writing audio data into queue.
2026-04-20 21:09:36.274 - RealTimeSTT: realtimestt - DEBUG - _audio_data_worker writing audio data into queue.
2026-04-20 21:09:37.298 - RealTimeSTT: realtimestt - DEBUG - _audio_data_worker writing audio data into queue.
2026-04-20 21:09:38.322 - RealTimeSTT: realtimestt - DEBUG - _audio_data_worker writing audio data into queue.
2026-04-20 21:09:39.346 - RealTimeSTT: realtimestt - DEBUG - _audio_data_worker writing audio data into queue.
2026-04-20 21:09:40.370 - RealTimeSTT: realtimestt - DEBUG - _audio_data_worker writing audio data into queue.
2026-04-20 21:09:41.394 - RealTimeSTT: realtimestt - DEBUG - _audio_data_worker writing audio data into queue.
2026-04-20 21:09:42.418 - RealTimeSTT: realtimestt - DEBUG - _audio_data_worker writing audio data into queue.
2026-04-20 21:09:43.442 - RealTimeSTT: realtimestt - DEBUG - _audio_data_worker writing audio data into queue.
2026-04-20 21:09:44.466 - RealTimeSTT: realtimestt - DEBUG - _audio_data_worker writing audio data into queue.
2026-04-20 21:09:45.490 - RealTimeSTT: realtimestt - DEBUG - _audio_data_worker writing audio data into queue.
2026-04-20 21:09:46.514 - RealTimeSTT: realtimestt - DEBUG - _audio_data_worker writing audio data into queue.
2026-04-20 21:09:47.538 - RealTimeSTT: realtimestt - DEBUG - _audio_data_worker writing audio data into queue.
2026-04-20 21:09:48.564 - RealTimeSTT: realtimestt - DEBUG - _audio_data_worker writing audio data into queue.
2026-04-20 21:09:49.586 - RealTimeSTT: realtimestt - DEBUG - _audio_data_worker writing audio data into queue.
2026-04-20 21:09:50.610 - RealTimeSTT: realtimestt - DEBUG - _audio_data_worker writing audio data into queue.
2026-04-20 21:09:50.754 - RealTimeSTT: realtimestt - INFO - Starting RealTimeSTT
2026-04-20 21:09:50.782 - RealTimeSTT: realtimestt - INFO - Initializing audio recording (creating pyAudio input stream, sample rate: 16000 buffer size: 512
2026-04-20 21:09:50.783 - RealTimeSTT: realtimestt - DEBUG - Starting audio data worker with target_sample_rate=16000, buffer_size=512, input_device_index=None
2026-04-20 21:09:50.783 - RealTimeSTT: realtimestt - INFO - Initializing WebRTC voice with Sensitivity 3
2026-04-20 21:09:50.783 - RealTimeSTT: realtimestt - DEBUG - Creating PyAudio interface...
2026-04-20 21:09:50.783 - RealTimeSTT: realtimestt - DEBUG - WebRTC VAD voice activity detection engine initialized successfully
2026-04-20 21:09:50.783 - RealTimeSTT: realtimestt - DEBUG - No device index supplied; using default device 26
2026-04-20 21:09:50.785 - RealTimeSTT: realtimestt - DEBUG - Retrieving highest sample rate for device index 26: {'index': 26, 'structVersion': 2, 'name': 'default', 'hostApi': 0, 'maxInputChannels': 128, 'maxOutputChannels': 128, 'defaultLowInputLatency': 0.008707482993197279, 'defaultLowOutputLatency': 0.008707482993197279, 'defaultHighInputLatency': 0.034829931972789115, 'defaultHighOutputLatency': 0.034829931972789115, 'defaultSampleRate': 44100.0}
2026-04-20 21:09:50.785 - RealTimeSTT: realtimestt - DEBUG - Highest supported sample rate for device index 26 is 44100
2026-04-20 21:09:50.785 - RealTimeSTT: realtimestt - DEBUG - Sample rates to try for device 26: [16000, 44100]
2026-04-20 21:09:50.785 - RealTimeSTT: realtimestt - DEBUG - Attempting to initialize audio stream at 16000 Hz.
2026-04-20 21:09:50.785 - RealTimeSTT: realtimestt - DEBUG - Found 34 total audio devices on the system.
2026-04-20 21:09:50.785 - RealTimeSTT: realtimestt - DEBUG - Available input devices with input channels: [1, 3, 18, 19, 20, 26, 27, 28, 29, 30, 31, 32, 33]
2026-04-20 21:09:50.785 - RealTimeSTT: realtimestt - DEBUG - Validating device index 26 with info: {'index': 26, 'structVersion': 2, 'name': 'default', 'hostApi': 0, 'maxInputChannels': 128, 'maxOutputChannels': 128, 'defaultLowInputLatency': 0.008707482993197279, 'defaultLowOutputLatency': 0.008707482993197279, 'defaultHighInputLatency': 0.034829931972789115, 'defaultHighOutputLatency': 0.034829931972789115, 'defaultSampleRate': 44100.0}
2026-04-20 21:09:50.869 - RealTimeSTT: realtimestt - DEBUG - Device index 26 successfully validated.
2026-04-20 21:09:50.869 - RealTimeSTT: realtimestt - DEBUG - Opening stream with device index 26, sample_rate=16000, chunk_size=1024
2026-04-20 21:09:50.886 - RealTimeSTT: realtimestt - INFO - Microphone connected and validated (device index: 26, sample rate: 16000, chunk size: 1024)
2026-04-20 21:09:50.886 - RealTimeSTT: realtimestt - DEBUG - Audio recording initialized successfully at 16000 Hz, reading 1024 frames at a time
2026-04-20 21:09:51.634 - RealTimeSTT: realtimestt - DEBUG - _audio_data_worker writing audio data into queue.
2026-04-20 21:09:51.975 - RealTimeSTT: realtimestt - DEBUG - _audio_data_worker writing audio data into queue.
2026-04-20 21:09:52.658 - RealTimeSTT: realtimestt - DEBUG - _audio_data_worker writing audio data into queue.
2026-04-20 21:09:52.999 - RealTimeSTT: realtimestt - DEBUG - _audio_data_worker writing audio data into queue.
2026-04-20 21:09:53.682 - RealTimeSTT: realtimestt - DEBUG - _audio_data_worker writing audio data into queue.
2026-04-20 21:09:54.023 - RealTimeSTT: realtimestt - DEBUG - _audio_data_worker writing audio data into queue.
2026-04-20 21:09:54.706 - RealTimeSTT: realtimestt - DEBUG - _audio_data_worker writing audio data into queue.
2026-04-20 21:09:55.047 - RealTimeSTT: realtimestt - DEBUG - _audio_data_worker writing audio data into queue.
2026-04-20 21:09:55.730 - RealTimeSTT: realtimestt - DEBUG - _audio_data_worker writing audio data into queue.
2026-04-20 21:09:56.071 - RealTimeSTT: realtimestt - DEBUG - _audio_data_worker writing audio data into queue.
2026-04-20 21:09:56.754 - RealTimeSTT: realtimestt - DEBUG - _audio_data_worker writing audio data into queue.
2026-04-20 21:09:57.095 - RealTimeSTT: realtimestt - DEBUG - _audio_data_worker writing audio data into queue.
2026-04-20 21:09:57.778 - RealTimeSTT: realtimestt - DEBUG - _audio_data_worker writing audio data into queue.
2026-04-20 21:09:58.119 - RealTimeSTT: realtimestt - DEBUG - _audio_data_worker writing audio data into queue.
2026-04-20 21:09:58.802 - RealTimeSTT: realtimestt - DEBUG - _audio_data_worker writing audio data into queue.
2026-04-20 21:09:59.143 - RealTimeSTT: realtimestt - DEBUG - _audio_data_worker writing audio data into queue.
2026-04-20 21:09:59.826 - RealTimeSTT: realtimestt - DEBUG - _audio_data_worker writing audio data into queue.
2026-04-20 21:10:00.167 - RealTimeSTT: realtimestt - DEBUG - _audio_data_worker writing audio data into queue.
2026-04-20 21:10:00.850 - RealTimeSTT: realtimestt - DEBUG - _audio_data_worker writing audio data into queue.
2026-04-20 21:10:01.191 - RealTimeSTT: realtimestt - DEBUG - _audio_data_worker writing audio data into queue.
2026-04-20 21:10:01.874 - RealTimeSTT: realtimestt - DEBUG - _audio_data_worker writing audio data into queue.
2026-04-20 21:10:02.133 - RealTimeSTT: realtimestt - DEBUG - Silero VAD voice activity detection engine initialized successfully
2026-04-20 21:10:02.134 - RealTimeSTT: realtimestt - DEBUG - Starting realtime worker
2026-04-20 21:10:02.134 - RealTimeSTT: realtimestt - WARNING - Audio queue size exceeds latency limit. Current size: 349. Discarding old audio chunks.
2026-04-20 21:10:02.134 - RealTimeSTT: realtimestt - DEBUG - Waiting for main transcription model to start
2026-04-20 21:10:02.215 - RealTimeSTT: realtimestt - DEBUG - _audio_data_worker writing audio data into queue.
2026-04-20 21:10:02.898 - RealTimeSTT: realtimestt - DEBUG - _audio_data_worker writing audio data into queue.
2026-04-20 21:10:03.239 - RealTimeSTT: realtimestt - DEBUG - _audio_data_worker writing audio data into queue.
2026-04-20 21:10:03.922 - RealTimeSTT: realtimestt - DEBUG - _audio_data_worker writing audio data into queue.
2026-04-20 21:10:04.263 - RealTimeSTT: realtimestt - DEBUG - _audio_data_worker writing audio data into queue.
2026-04-20 21:10:04.946 - RealTimeSTT: realtimestt - DEBUG - _audio_data_worker writing audio data into queue.
2026-04-20 21:10:05.287 - RealTimeSTT: realtimestt - DEBUG - _audio_data_worker writing audio data into queue.
2026-04-20 21:10:05.970 - RealTimeSTT: realtimestt - DEBUG - _audio_data_worker writing audio data into queue.
2026-04-20 21:10:06.311 - RealTimeSTT: realtimestt - DEBUG - _audio_data_worker writing audio data into queue.
2026-04-20 21:10:06.994 - RealTimeSTT: realtimestt - DEBUG - _audio_data_worker writing audio data into queue.
2026-04-20 21:10:07.335 - RealTimeSTT: realtimestt - DEBUG - _audio_data_worker writing audio data into queue.
2026-04-20 21:10:08.018 - RealTimeSTT: realtimestt - DEBUG - _audio_data_worker writing audio data into queue.
2026-04-20 21:10:08.359 - RealTimeSTT: realtimestt - DEBUG - _audio_data_worker writing audio data into queue.
2026-04-20 21:10:09.042 - RealTimeSTT: realtimestt - DEBUG - _audio_data_worker writing audio data into queue.
2026-04-20 21:10:09.383 - RealTimeSTT: realtimestt - DEBUG - _audio_data_worker writing audio data into queue.
2026-04-20 21:10:10.066 - RealTimeSTT: realtimestt - DEBUG - _audio_data_worker writing audio data into queue.
2026-04-20 21:10:10.407 - RealTimeSTT: realtimestt - DEBUG - _audio_data_worker writing audio data into queue.
2026-04-20 21:10:11.090 - RealTimeSTT: realtimestt - DEBUG - _audio_data_worker writing audio data into queue.
2026-04-20 21:10:11.431 - RealTimeSTT: realtimestt - DEBUG - _audio_data_worker writing audio data into queue.
2026-04-20 21:10:12.114 - RealTimeSTT: realtimestt - DEBUG - _audio_data_worker writing audio data into queue.
2026-04-20 21:10:12.455 - RealTimeSTT: realtimestt - DEBUG - _audio_data_worker writing audio data into queue.
2026-04-20 21:10:13.138 - RealTimeSTT: realtimestt - DEBUG - _audio_data_worker writing audio data into queue.
2026-04-20 21:10:13.479 - RealTimeSTT: realtimestt - DEBUG - _audio_data_worker writing audio data into queue.
2026-04-20 21:10:14.162 - RealTimeSTT: realtimestt - DEBUG - _audio_data_worker writing audio data into queue.
2026-04-20 21:10:14.503 - RealTimeSTT: realtimestt - DEBUG - _audio_data_worker writing audio data into queue.
2026-04-20 21:10:15.186 - RealTimeSTT: realtimestt - DEBUG - _audio_data_worker writing audio data into queue.
2026-04-20 21:10:15.527 - RealTimeSTT: realtimestt - DEBUG - _audio_data_worker writing audio data into queue.
2026-04-20 21:10:16.210 - RealTimeSTT: realtimestt - DEBUG - _audio_data_worker writing audio data into queue.
2026-04-20 21:10:16.551 - RealTimeSTT: realtimestt - DEBUG - _audio_data_worker writing audio data into queue.
2026-04-20 21:10:17.234 - RealTimeSTT: realtimestt - DEBUG - _audio_data_worker writing audio data into queue.
2026-04-20 21:10:17.575 - RealTimeSTT: realtimestt - DEBUG - _audio_data_worker writing audio data into queue.
2026-04-20 21:10:18.258 - RealTimeSTT: realtimestt - DEBUG - _audio_data_worker writing audio data into queue.
2026-04-20 21:10:18.599 - RealTimeSTT: realtimestt - DEBUG - _audio_data_worker writing audio data into queue.
2026-04-20 21:10:19.282 - RealTimeSTT: realtimestt - DEBUG - _audio_data_worker writing audio data into queue.
2026-04-20 21:10:19.623 - RealTimeSTT: realtimestt - DEBUG - _audio_data_worker writing audio data into queue.
2026-04-20 21:10:20.306 - RealTimeSTT: realtimestt - DEBUG - _audio_data_worker writing audio data into queue.
2026-04-20 21:10:20.647 - RealTimeSTT: realtimestt - DEBUG - _audio_data_worker writing audio data into queue.
2026-04-20 21:10:21.330 - RealTimeSTT: realtimestt - DEBUG - _audio_data_worker writing audio data into queue.
2026-04-20 21:10:21.671 - RealTimeSTT: realtimestt - DEBUG - _audio_data_worker writing audio data into queue.
2026-04-20 21:10:22.354 - RealTimeSTT: realtimestt - DEBUG - _audio_data_worker writing audio data into queue.
2026-04-20 21:10:22.695 - RealTimeSTT: realtimestt - DEBUG - _audio_data_worker writing audio data into queue.
2026-04-20 21:10:23.378 - RealTimeSTT: realtimestt - DEBUG - _audio_data_worker writing audio data into queue.
2026-04-20 21:10:23.719 - RealTimeSTT: realtimestt - DEBUG - _audio_data_worker writing audio data into queue.
2026-04-20 21:10:24.402 - RealTimeSTT: realtimestt - DEBUG - _audio_data_worker writing audio data into queue.
2026-04-20 21:10:24.743 - RealTimeSTT: realtimestt - DEBUG - _audio_data_worker writing audio data into queue.
2026-04-20 21:10:25.426 - RealTimeSTT: realtimestt - DEBUG - _audio_data_worker writing audio data into queue.
2026-04-20 21:10:25.767 - RealTimeSTT: realtimestt - DEBUG - _audio_data_worker writing audio data into queue.
2026-04-20 21:10:26.450 - RealTimeSTT: realtimestt - DEBUG - _audio_data_worker writing audio data into queue.
2026-04-20 21:10:26.791 - RealTimeSTT: realtimestt - DEBUG - _audio_data_worker writing audio data into queue.
2026-04-20 21:10:27.474 - RealTimeSTT: realtimestt - DEBUG - _audio_data_worker writing audio data into queue.
2026-04-20 21:10:27.815 - RealTimeSTT: realtimestt - DEBUG - _audio_data_worker writing audio data into queue.
2026-04-20 21:10:28.498 - RealTimeSTT: realtimestt - DEBUG - _audio_data_worker writing audio data into queue.
2026-04-20 21:10:28.839 - RealTimeSTT: realtimestt - DEBUG - _audio_data_worker writing audio data into queue.
2026-04-20 21:10:29.522 - RealTimeSTT: realtimestt - DEBUG - _audio_data_worker writing audio data into queue.
2026-04-20 21:10:29.863 - RealTimeSTT: realtimestt - DEBUG - _audio_data_worker writing audio data into queue.
2026-04-20 21:10:30.546 - RealTimeSTT: realtimestt - DEBUG - _audio_data_worker writing audio data into queue.
2026-04-20 21:10:30.887 - RealTimeSTT: realtimestt - DEBUG - _audio_data_worker writing audio data into queue.
2026-04-20 21:10:31.570 - RealTimeSTT: realtimestt - DEBUG - _audio_data_worker writing audio data into queue.
2026-04-20 21:10:31.911 - RealTimeSTT: realtimestt - DEBUG - _audio_data_worker writing audio data into queue.
2026-04-20 21:10:32.594 - RealTimeSTT: realtimestt - DEBUG - _audio_data_worker writing audio data into queue.
2026-04-20 21:10:32.935 - RealTimeSTT: realtimestt - DEBUG - _audio_data_worker writing audio data into queue.
2026-04-20 21:10:33.618 - RealTimeSTT: realtimestt - DEBUG - _audio_data_worker writing audio data into queue.
2026-04-20 21:10:33.959 - RealTimeSTT: realtimestt - DEBUG - _audio_data_worker writing audio data into queue.
2026-04-20 21:10:34.642 - RealTimeSTT: realtimestt - DEBUG - _audio_data_worker writing audio data into queue.
2026-04-20 21:10:34.983 - RealTimeSTT: realtimestt - DEBUG - _audio_data_worker writing audio data into queue.
2026-04-20 21:10:35.665 - RealTimeSTT: realtimestt - DEBUG - _audio_data_worker writing audio data into queue.
2026-04-20 21:10:36.007 - RealTimeSTT: realtimestt - DEBUG - _audio_data_worker writing audio data into queue.
2026-04-20 21:10:36.690 - RealTimeSTT: realtimestt - DEBUG - _audio_data_worker writing audio data into queue.
2026-04-20 21:10:37.031 - RealTimeSTT: realtimestt - DEBUG - _audio_data_worker writing audio data into queue.
2026-04-20 21:10:37.713 - RealTimeSTT: realtimestt - DEBUG - _audio_data_worker writing audio data into queue.
2026-04-20 21:10:38.055 - RealTimeSTT: realtimestt - DEBUG - _audio_data_worker writing audio data into queue.
2026-04-20 21:10:38.738 - RealTimeSTT: realtimestt - DEBUG - _audio_data_worker writing audio data into queue.
2026-04-20 21:10:39.079 - RealTimeSTT: realtimestt - DEBUG - _audio_data_worker writing audio data into queue.
2026-04-20 21:10:39.762 - RealTimeSTT: realtimestt - DEBUG - _audio_data_worker writing audio data into queue.
2026-04-20 21:10:40.103 - RealTimeSTT: realtimestt - DEBUG - _audio_data_worker writing audio data into queue.
2026-04-20 21:10:40.786 - RealTimeSTT: realtimestt - DEBUG - _audio_data_worker writing audio data into queue.
2026-04-20 21:10:41.127 - RealTimeSTT: realtimestt - DEBUG - _audio_data_worker writing audio data into queue.
2026-04-20 21:10:41.809 - RealTimeSTT: realtimestt - DEBUG - _audio_data_worker writing audio data into queue.
2026-04-20 21:10:42.151 - RealTimeSTT: realtimestt - DEBUG - _audio_data_worker writing audio data into queue.
2026-04-20 21:10:42.833 - RealTimeSTT: realtimestt - DEBUG - _audio_data_worker writing audio data into queue.
2026-04-20 21:10:43.175 - RealTimeSTT: realtimestt - DEBUG - _audio_data_worker writing audio data into queue.
2026-04-20 21:10:43.857 - RealTimeSTT: realtimestt - DEBUG - _audio_data_worker writing audio data into queue.
2026-04-20 21:10:44.199 - RealTimeSTT: realtimestt - DEBUG - _audio_data_worker writing audio data into queue.
2026-04-20 21:10:44.881 - RealTimeSTT: realtimestt - DEBUG - _audio_data_worker writing audio data into queue.
2026-04-20 21:10:45.223 - RealTimeSTT: realtimestt - DEBUG - _audio_data_worker writing audio data into queue.
2026-04-20 21:10:45.905 - RealTimeSTT: realtimestt - DEBUG - _audio_data_worker writing audio data into queue.
2026-04-20 21:10:46.247 - RealTimeSTT: realtimestt - DEBUG - _audio_data_worker writing audio data into queue.
2026-04-20 21:10:46.929 - RealTimeSTT: realtimestt - DEBUG - _audio_data_worker writing audio data into queue.
2026-04-20 21:10:47.271 - RealTimeSTT: realtimestt - DEBUG - _audio_data_worker writing audio data into queue.
2026-04-20 21:10:47.953 - RealTimeSTT: realtimestt - DEBUG - _audio_data_worker writing audio data into queue.
2026-04-20 21:10:48.295 - RealTimeSTT: realtimestt - DEBUG - _audio_data_worker writing audio data into queue.
2026-04-20 21:10:48.977 - RealTimeSTT: realtimestt - DEBUG - _audio_data_worker writing audio data into queue.
2026-04-20 21:10:49.319 - RealTimeSTT: realtimestt - DEBUG - _audio_data_worker writing audio data into queue.
2026-04-20 21:10:50.001 - RealTimeSTT: realtimestt - DEBUG - _audio_data_worker writing audio data into queue.
2026-04-20 21:10:50.343 - RealTimeSTT: realtimestt - DEBUG - _audio_data_worker writing audio data into queue.
2026-04-20 21:10:51.025 - RealTimeSTT: realtimestt - DEBUG - _audio_data_worker writing audio data into queue.
2026-04-20 21:10:51.367 - RealTimeSTT: realtimestt - DEBUG - _audio_data_worker writing audio data into queue.
2026-04-20 21:10:52.049 - RealTimeSTT: realtimestt - DEBUG - _audio_data_worker writing audio data into queue.
2026-04-20 21:10:52.391 - RealTimeSTT: realtimestt - DEBUG - _audio_data_worker writing audio data into queue.
2026-04-20 21:10:53.073 - RealTimeSTT: realtimestt - DEBUG - _audio_data_worker writing audio data into queue.
2026-04-20 21:10:53.415 - RealTimeSTT: realtimestt - DEBUG - _audio_data_worker writing audio data into queue.
2026-04-20 21:10:54.097 - RealTimeSTT: realtimestt - DEBUG - _audio_data_worker writing audio data into queue.
2026-04-20 21:10:54.439 - RealTimeSTT: realtimestt - DEBUG - _audio_data_worker writing audio data into queue.
2026-04-20 21:10:55.121 - RealTimeSTT: realtimestt - DEBUG - _audio_data_worker writing audio data into queue.
2026-04-20 21:10:55.463 - RealTimeSTT: realtimestt - DEBUG - _audio_data_worker writing audio data into queue.
2026-04-20 21:10:56.145 - RealTimeSTT: realtimestt - DEBUG - _audio_data_worker writing audio data into queue.
2026-04-20 21:10:56.487 - RealTimeSTT: realtimestt - DEBUG - _audio_data_worker writing audio data into queue.
2026-04-20 21:10:57.169 - RealTimeSTT: realtimestt - DEBUG - _audio_data_worker writing audio data into queue.
2026-04-20 21:10:57.511 - RealTimeSTT: realtimestt - DEBUG - _audio_data_worker writing audio data into queue.
2026-04-20 21:10:58.193 - RealTimeSTT: realtimestt - DEBUG - _audio_data_worker writing audio data into queue.
2026-04-20 21:10:58.535 - RealTimeSTT: realtimestt - DEBUG - _audio_data_worker writing audio data into queue.
2026-04-20 21:10:59.217 - RealTimeSTT: realtimestt - DEBUG - _audio_data_worker writing audio data into queue.
2026-04-20 21:10:59.559 - RealTimeSTT: realtimestt - DEBUG - _audio_data_worker writing audio data into queue.
2026-04-20 21:11:00.241 - RealTimeSTT: realtimestt - DEBUG - _audio_data_worker writing audio data into queue.
2026-04-20 21:11:00.583 - RealTimeSTT: realtimestt - DEBUG - _audio_data_worker writing audio data into queue.
2026-04-20 21:11:01.265 - RealTimeSTT: realtimestt - DEBUG - _audio_data_worker writing audio data into queue.
2026-04-20 21:11:01.607 - RealTimeSTT: realtimestt - DEBUG - _audio_data_worker writing audio data into queue.
2026-04-20 21:11:02.289 - RealTimeSTT: realtimestt - DEBUG - _audio_data_worker writing audio data into queue.
2026-04-20 21:11:02.631 - RealTimeSTT: realtimestt - DEBUG - _audio_data_worker writing audio data into queue.
2026-04-20 21:11:03.313 - RealTimeSTT: realtimestt - DEBUG - _audio_data_worker writing audio data into queue.
2026-04-20 21:11:03.655 - RealTimeSTT: realtimestt - DEBUG - _audio_data_worker writing audio data into queue.
2026-04-20 21:11:04.337 - RealTimeSTT: realtimestt - DEBUG - _audio_data_worker writing audio data into queue.
2026-04-20 21:11:04.679 - RealTimeSTT: realtimestt - DEBUG - _audio_data_worker writing audio data into queue.
2026-04-20 21:11:05.361 - RealTimeSTT: realtimestt - DEBUG - _audio_data_worker writing audio data into queue.
2026-04-20 21:11:05.703 - RealTimeSTT: realtimestt - DEBUG - _audio_data_worker writing audio data into queue.
2026-04-20 21:11:06.385 - RealTimeSTT: realtimestt - DEBUG - _audio_data_worker writing audio data into queue.
2026-04-20 21:11:06.727 - RealTimeSTT: realtimestt - DEBUG - _audio_data_worker writing audio data into queue.
2026-04-20 21:11:07.409 - RealTimeSTT: realtimestt - DEBUG - _audio_data_worker writing audio data into queue.
2026-04-20 21:11:07.751 - RealTimeSTT: realtimestt - DEBUG - _audio_data_worker writing audio data into queue.
2026-04-20 21:11:08.433 - RealTimeSTT: realtimestt - DEBUG - _audio_data_worker writing audio data into queue.
2026-04-20 21:11:08.775 - RealTimeSTT: realtimestt - DEBUG - _audio_data_worker writing audio data into queue.
2026-04-20 21:11:09.457 - RealTimeSTT: realtimestt - DEBUG - _audio_data_worker writing audio data into queue.
2026-04-20 21:11:09.799 - RealTimeSTT: realtimestt - DEBUG - _audio_data_worker writing audio data into queue.
2026-04-20 21:11:10.481 - RealTimeSTT: realtimestt - DEBUG - _audio_data_worker writing audio data into queue.
2026-04-20 21:11:10.823 - RealTimeSTT: realtimestt - DEBUG - _audio_data_worker writing audio data into queue.
2026-04-20 21:11:11.505 - RealTimeSTT: realtimestt - DEBUG - _audio_data_worker writing audio data into queue.
2026-04-20 21:11:11.847 - RealTimeSTT: realtimestt - DEBUG - _audio_data_worker writing audio data into queue.
2026-04-20 21:11:12.529 - RealTimeSTT: realtimestt - DEBUG - _audio_data_worker writing audio data into queue.
2026-04-20 21:11:12.871 - RealTimeSTT: realtimestt - DEBUG - _audio_data_worker writing audio data into queue.
2026-04-20 21:11:13.553 - RealTimeSTT: realtimestt - DEBUG - _audio_data_worker writing audio data into queue.
2026-04-20 21:11:13.895 - RealTimeSTT: realtimestt - DEBUG - _audio_data_worker writing audio data into queue.
2026-04-20 21:11:14.577 - RealTimeSTT: realtimestt - DEBUG - _audio_data_worker writing audio data into queue.
2026-04-20 21:11:14.919 - RealTimeSTT: realtimestt - DEBUG - _audio_data_worker writing audio data into queue.
2026-04-20 21:11:15.601 - RealTimeSTT: realtimestt - DEBUG - _audio_data_worker writing audio data into queue.
2026-04-20 21:11:15.943 - RealTimeSTT: realtimestt - DEBUG - _audio_data_worker writing audio data into queue.
2026-04-20 21:11:16.625 - RealTimeSTT: realtimestt - DEBUG - _audio_data_worker writing audio data into queue.
2026-04-20 21:11:16.967 - RealTimeSTT: realtimestt - DEBUG - _audio_data_worker writing audio data into queue.
2026-04-20 21:11:17.649 - RealTimeSTT: realtimestt - DEBUG - _audio_data_worker writing audio data into queue.
2026-04-20 21:11:17.991 - RealTimeSTT: realtimestt - DEBUG - _audio_data_worker writing audio data into queue.
2026-04-20 21:11:18.673 - RealTimeSTT: realtimestt - DEBUG - _audio_data_worker writing audio data into queue.
2026-04-20 21:11:19.015 - RealTimeSTT: realtimestt - DEBUG - _audio_data_worker writing audio data into queue.
2026-04-20 21:11:19.516 - RealTimeSTT: realtimestt - DEBUG - Debug: Caught exception in main try block
2026-04-20 21:11:19.697 - RealTimeSTT: realtimestt - DEBUG - _audio_data_worker writing audio data into queue.
2026-04-20 21:11:20.721 - RealTimeSTT: realtimestt - DEBUG - _audio_data_worker writing audio data into queue.
2026-04-20 21:11:21.745 - RealTimeSTT: realtimestt - DEBUG - _audio_data_worker writing audio data into queue.
2026-04-20 21:11:22.769 - RealTimeSTT: realtimestt - DEBUG - _audio_data_worker writing audio data into queue.
2026-04-20 21:11:23.793 - RealTimeSTT: realtimestt - DEBUG - _audio_data_worker writing audio data into queue.
2026-04-20 21:11:24.817 - RealTimeSTT: realtimestt - DEBUG - _audio_data_worker writing audio data into queue.
2026-04-20 21:11:25.337 - RealTimeSTT: realtimestt - INFO - Starting RealTimeSTT
2026-04-20 21:11:25.366 - RealTimeSTT: realtimestt - INFO - Initializing audio recording (creating pyAudio input stream, sample rate: 16000 buffer size: 512
2026-04-20 21:11:25.367 - RealTimeSTT: realtimestt - DEBUG - Starting audio data worker with target_sample_rate=16000, buffer_size=512, input_device_index=None
2026-04-20 21:11:25.367 - RealTimeSTT: realtimestt - DEBUG - Creating PyAudio interface...
2026-04-20 21:11:25.367 - RealTimeSTT: realtimestt - DEBUG - No device index supplied; using default device 26
2026-04-20 21:11:25.367 - RealTimeSTT: realtimestt - DEBUG - Retrieving highest sample rate for device index 26: {'index': 26, 'structVersion': 2, 'name': 'default', 'hostApi': 0, 'maxInputChannels': 128, 'maxOutputChannels': 128, 'defaultLowInputLatency': 0.008707482993197279, 'defaultLowOutputLatency': 0.008707482993197279, 'defaultHighInputLatency': 0.034829931972789115, 'defaultHighOutputLatency': 0.034829931972789115, 'defaultSampleRate': 44100.0}
2026-04-20 21:11:25.367 - RealTimeSTT: realtimestt - DEBUG - Highest supported sample rate for device index 26 is 44100
2026-04-20 21:11:25.367 - RealTimeSTT: realtimestt - DEBUG - Sample rates to try for device 26: [16000, 44100]
2026-04-20 21:11:25.367 - RealTimeSTT: realtimestt - DEBUG - Attempting to initialize audio stream at 16000 Hz.
2026-04-20 21:11:25.367 - RealTimeSTT: realtimestt - DEBUG - Found 34 total audio devices on the system.
2026-04-20 21:11:25.367 - RealTimeSTT: realtimestt - DEBUG - Available input devices with input channels: [1, 3, 18, 19, 20, 26, 27, 28, 29, 30, 31, 32, 33]
2026-04-20 21:11:25.367 - RealTimeSTT: realtimestt - INFO - Initializing WebRTC voice with Sensitivity 3
2026-04-20 21:11:25.367 - RealTimeSTT: realtimestt - DEBUG - Validating device index 26 with info: {'index': 26, 'structVersion': 2, 'name': 'default', 'hostApi': 0, 'maxInputChannels': 128, 'maxOutputChannels': 128, 'defaultLowInputLatency': 0.008707482993197279, 'defaultLowOutputLatency': 0.008707482993197279, 'defaultHighInputLatency': 0.034829931972789115, 'defaultHighOutputLatency': 0.034829931972789115, 'defaultSampleRate': 44100.0}
2026-04-20 21:11:25.368 - RealTimeSTT: realtimestt - DEBUG - WebRTC VAD voice activity detection engine initialized successfully
2026-04-20 21:11:25.460 - RealTimeSTT: realtimestt - DEBUG - Device index 26 successfully validated.
2026-04-20 21:11:25.460 - RealTimeSTT: realtimestt - DEBUG - Opening stream with device index 26, sample_rate=16000, chunk_size=1024
2026-04-20 21:11:25.474 - RealTimeSTT: realtimestt - INFO - Microphone connected and validated (device index: 26, sample rate: 16000, chunk size: 1024)
2026-04-20 21:11:25.474 - RealTimeSTT: realtimestt - DEBUG - Audio recording initialized successfully at 16000 Hz, reading 1024 frames at a time
2026-04-20 21:11:25.591 - RealTimeSTT: realtimestt - DEBUG - Silero VAD voice activity detection engine initialized successfully
2026-04-20 21:11:25.593 - RealTimeSTT: realtimestt - DEBUG - Starting realtime worker
2026-04-20 21:11:25.593 - RealTimeSTT: realtimestt - DEBUG - Waiting for main transcription model to start
2026-04-20 21:11:25.841 - RealTimeSTT: realtimestt - DEBUG - _audio_data_worker writing audio data into queue.
2026-04-20 21:11:26.609 - RealTimeSTT: realtimestt - DEBUG - _audio_data_worker writing audio data into queue.
2026-04-20 21:11:26.865 - RealTimeSTT: realtimestt - DEBUG - _audio_data_worker writing audio data into queue.
2026-04-20 21:11:27.633 - RealTimeSTT: realtimestt - DEBUG - _audio_data_worker writing audio data into queue.
2026-04-20 21:11:27.889 - RealTimeSTT: realtimestt - DEBUG - _audio_data_worker writing audio data into queue.
2026-04-20 21:11:28.657 - RealTimeSTT: realtimestt - DEBUG - _audio_data_worker writing audio data into queue.
2026-04-20 21:11:28.913 - RealTimeSTT: realtimestt - DEBUG - _audio_data_worker writing audio data into queue.
2026-04-20 21:11:29.681 - RealTimeSTT: realtimestt - DEBUG - _audio_data_worker writing audio data into queue.
2026-04-20 21:11:29.937 - RealTimeSTT: realtimestt - DEBUG - _audio_data_worker writing audio data into queue.
2026-04-20 21:11:30.705 - RealTimeSTT: realtimestt - DEBUG - _audio_data_worker writing audio data into queue.
2026-04-20 21:11:30.961 - RealTimeSTT: realtimestt - DEBUG - _audio_data_worker writing audio data into queue.
2026-04-20 21:11:31.729 - RealTimeSTT: realtimestt - DEBUG - _audio_data_worker writing audio data into queue.
2026-04-20 21:11:31.985 - RealTimeSTT: realtimestt - DEBUG - _audio_data_worker writing audio data into queue.
2026-04-20 21:11:32.753 - RealTimeSTT: realtimestt - DEBUG - _audio_data_worker writing audio data into queue.
2026-04-20 21:11:33.009 - RealTimeSTT: realtimestt - DEBUG - _audio_data_worker writing audio data into queue.
2026-04-20 21:11:33.777 - RealTimeSTT: realtimestt - DEBUG - _audio_data_worker writing audio data into queue.
2026-04-20 21:11:34.033 - RealTimeSTT: realtimestt - DEBUG - _audio_data_worker writing audio data into queue.
2026-04-20 21:11:34.801 - RealTimeSTT: realtimestt - DEBUG - _audio_data_worker writing audio data into queue.
2026-04-20 21:11:35.057 - RealTimeSTT: realtimestt - DEBUG - _audio_data_worker writing audio data into queue.
2026-04-20 21:11:35.825 - RealTimeSTT: realtimestt - DEBUG - _audio_data_worker writing audio data into queue.
2026-04-20 21:11:36.081 - RealTimeSTT: realtimestt - DEBUG - _audio_data_worker writing audio data into queue.
2026-04-20 21:11:36.849 - RealTimeSTT: realtimestt - DEBUG - _audio_data_worker writing audio data into queue.
2026-04-20 21:11:37.105 - RealTimeSTT: realtimestt - DEBUG - _audio_data_worker writing audio data into queue.
2026-04-20 21:11:37.873 - RealTimeSTT: realtimestt - DEBUG - _audio_data_worker writing audio data into queue.
2026-04-20 21:11:38.129 - RealTimeSTT: realtimestt - DEBUG - _audio_data_worker writing audio data into queue.
2026-04-20 21:11:38.897 - RealTimeSTT: realtimestt - DEBUG - _audio_data_worker writing audio data into queue.
2026-04-20 21:11:39.153 - RealTimeSTT: realtimestt - DEBUG - _audio_data_worker writing audio data into queue.
2026-04-20 21:11:39.921 - RealTimeSTT: realtimestt - DEBUG - _audio_data_worker writing audio data into queue.
2026-04-20 21:11:40.177 - RealTimeSTT: realtimestt - DEBUG - _audio_data_worker writing audio data into queue.
2026-04-20 21:11:40.945 - RealTimeSTT: realtimestt - DEBUG - _audio_data_worker writing audio data into queue.
2026-04-20 21:11:41.201 - RealTimeSTT: realtimestt - DEBUG - _audio_data_worker writing audio data into queue.
2026-04-20 21:11:41.969 - RealTimeSTT: realtimestt - DEBUG - _audio_data_worker writing audio data into queue.
2026-04-20 21:11:42.225 - RealTimeSTT: realtimestt - DEBUG - _audio_data_worker writing audio data into queue.
2026-04-20 21:11:42.993 - RealTimeSTT: realtimestt - DEBUG - _audio_data_worker writing audio data into queue.
2026-04-20 21:11:43.249 - RealTimeSTT: realtimestt - DEBUG - _audio_data_worker writing audio data into queue.
2026-04-20 21:11:44.017 - RealTimeSTT: realtimestt - DEBUG - _audio_data_worker writing audio data into queue.
2026-04-20 21:11:44.273 - RealTimeSTT: realtimestt - DEBUG - _audio_data_worker writing audio data into queue.
2026-04-20 21:11:45.041 - RealTimeSTT: realtimestt - DEBUG - _audio_data_worker writing audio data into queue.
2026-04-20 21:11:45.297 - RealTimeSTT: realtimestt - DEBUG - _audio_data_worker writing audio data into queue.
2026-04-20 21:11:46.065 - RealTimeSTT: realtimestt - DEBUG - _audio_data_worker writing audio data into queue.
2026-04-20 21:11:46.321 - RealTimeSTT: realtimestt - DEBUG - _audio_data_worker writing audio data into queue.
2026-04-20 21:11:47.089 - RealTimeSTT: realtimestt - DEBUG - _audio_data_worker writing audio data into queue.
2026-04-20 21:11:47.345 - RealTimeSTT: realtimestt - DEBUG - _audio_data_worker writing audio data into queue.
2026-04-20 21:11:48.113 - RealTimeSTT: realtimestt - DEBUG - _audio_data_worker writing audio data into queue.
2026-04-20 21:11:48.369 - RealTimeSTT: realtimestt - DEBUG - _audio_data_worker writing audio data into queue.
2026-04-20 21:11:49.137 - RealTimeSTT: realtimestt - DEBUG - _audio_data_worker writing audio data into queue.
2026-04-20 21:11:49.393 - RealTimeSTT: realtimestt - DEBUG - _audio_data_worker writing audio data into queue.
2026-04-20 21:11:50.161 - RealTimeSTT: realtimestt - DEBUG - _audio_data_worker writing audio data into queue.
2026-04-20 21:11:50.417 - RealTimeSTT: realtimestt - DEBUG - _audio_data_worker writing audio data into queue.
2026-04-20 21:11:51.185 - RealTimeSTT: realtimestt - DEBUG - _audio_data_worker writing audio data into queue.
2026-04-20 21:11:51.441 - RealTimeSTT: realtimestt - DEBUG - _audio_data_worker writing audio data into queue.
2026-04-20 21:11:52.209 - RealTimeSTT: realtimestt - DEBUG - _audio_data_worker writing audio data into queue.
2026-04-20 21:11:52.465 - RealTimeSTT: realtimestt - DEBUG - _audio_data_worker writing audio data into queue.
2026-04-20 21:11:53.233 - RealTimeSTT: realtimestt - DEBUG - _audio_data_worker writing audio data into queue.
2026-04-20 21:11:53.489 - RealTimeSTT: realtimestt - DEBUG - _audio_data_worker writing audio data into queue.
2026-04-20 21:11:54.257 - RealTimeSTT: realtimestt - DEBUG - _audio_data_worker writing audio data into queue.
2026-04-20 21:11:54.513 - RealTimeSTT: realtimestt - DEBUG - _audio_data_worker writing audio data into queue.
2026-04-20 21:11:55.281 - RealTimeSTT: realtimestt - DEBUG - _audio_data_worker writing audio data into queue.
2026-04-20 21:11:55.537 - RealTimeSTT: realtimestt - DEBUG - _audio_data_worker writing audio data into queue.
2026-04-20 21:11:56.305 - RealTimeSTT: realtimestt - DEBUG - _audio_data_worker writing audio data into queue.
2026-04-20 21:11:56.561 - RealTimeSTT: realtimestt - DEBUG - _audio_data_worker writing audio data into queue.
2026-04-20 21:11:57.329 - RealTimeSTT: realtimestt - DEBUG - _audio_data_worker writing audio data into queue.
2026-04-20 21:11:57.585 - RealTimeSTT: realtimestt - DEBUG - _audio_data_worker writing audio data into queue.
2026-04-20 21:11:58.353 - RealTimeSTT: realtimestt - DEBUG - _audio_data_worker writing audio data into queue.
2026-04-20 21:11:58.609 - RealTimeSTT: realtimestt - DEBUG - _audio_data_worker writing audio data into queue.
2026-04-20 21:11:59.377 - RealTimeSTT: realtimestt - DEBUG - _audio_data_worker writing audio data into queue.
2026-04-20 21:11:59.633 - RealTimeSTT: realtimestt - DEBUG - _audio_data_worker writing audio data into queue.
2026-04-20 21:12:00.401 - RealTimeSTT: realtimestt - DEBUG - _audio_data_worker writing audio data into queue.
2026-04-20 21:12:00.657 - RealTimeSTT: realtimestt - DEBUG - _audio_data_worker writing audio data into queue.
2026-04-20 21:12:01.425 - RealTimeSTT: realtimestt - DEBUG - _audio_data_worker writing audio data into queue.
2026-04-20 21:12:01.681 - RealTimeSTT: realtimestt - DEBUG - _audio_data_worker writing audio data into queue.
2026-04-20 21:12:02.449 - RealTimeSTT: realtimestt - DEBUG - _audio_data_worker writing audio data into queue.
2026-04-20 21:12:02.705 - RealTimeSTT: realtimestt - DEBUG - _audio_data_worker writing audio data into queue.
2026-04-20 21:12:03.473 - RealTimeSTT: realtimestt - DEBUG - _audio_data_worker writing audio data into queue.
2026-04-20 21:12:03.729 - RealTimeSTT: realtimestt - DEBUG - _audio_data_worker writing audio data into queue.
2026-04-20 21:12:04.497 - RealTimeSTT: realtimestt - DEBUG - _audio_data_worker writing audio data into queue.
2026-04-20 21:12:04.753 - RealTimeSTT: realtimestt - DEBUG - _audio_data_worker writing audio data into queue.
2026-04-20 21:12:05.521 - RealTimeSTT: realtimestt - DEBUG - _audio_data_worker writing audio data into queue.
2026-04-20 21:12:05.777 - RealTimeSTT: realtimestt - DEBUG - _audio_data_worker writing audio data into queue.
2026-04-20 21:12:06.545 - RealTimeSTT: realtimestt - DEBUG - _audio_data_worker writing audio data into queue.
2026-04-20 21:12:06.801 - RealTimeSTT: realtimestt - DEBUG - _audio_data_worker writing audio data into queue.
2026-04-20 21:12:07.569 - RealTimeSTT: realtimestt - DEBUG - _audio_data_worker writing audio data into queue.
2026-04-20 21:12:07.825 - RealTimeSTT: realtimestt - DEBUG - _audio_data_worker writing audio data into queue.
2026-04-20 21:12:08.593 - RealTimeSTT: realtimestt - DEBUG - _audio_data_worker writing audio data into queue.
2026-04-20 21:12:08.849 - RealTimeSTT: realtimestt - DEBUG - _audio_data_worker writing audio data into queue.
2026-04-20 21:12:09.617 - RealTimeSTT: realtimestt - DEBUG - _audio_data_worker writing audio data into queue.
2026-04-20 21:12:09.873 - RealTimeSTT: realtimestt - DEBUG - _audio_data_worker writing audio data into queue.
2026-04-20 21:12:10.641 - RealTimeSTT: realtimestt - DEBUG - _audio_data_worker writing audio data into queue.
2026-04-20 21:12:10.897 - RealTimeSTT: realtimestt - DEBUG - _audio_data_worker writing audio data into queue.
2026-04-20 21:12:11.665 - RealTimeSTT: realtimestt - DEBUG - _audio_data_worker writing audio data into queue.
2026-04-20 21:12:11.921 - RealTimeSTT: realtimestt - DEBUG - _audio_data_worker writing audio data into queue.
2026-04-20 21:12:12.689 - RealTimeSTT: realtimestt - DEBUG - _audio_data_worker writing audio data into queue.
2026-04-20 21:12:12.945 - RealTimeSTT: realtimestt - DEBUG - _audio_data_worker writing audio data into queue.
2026-04-20 21:12:13.713 - RealTimeSTT: realtimestt - DEBUG - _audio_data_worker writing audio data into queue.
2026-04-20 21:12:13.969 - RealTimeSTT: realtimestt - DEBUG - _audio_data_worker writing audio data into queue.
2026-04-20 21:12:14.737 - RealTimeSTT: realtimestt - DEBUG - _audio_data_worker writing audio data into queue.
2026-04-20 21:12:14.993 - RealTimeSTT: realtimestt - DEBUG - _audio_data_worker writing audio data into queue.
2026-04-20 21:12:15.761 - RealTimeSTT: realtimestt - DEBUG - _audio_data_worker writing audio data into queue.
2026-04-20 21:12:16.017 - RealTimeSTT: realtimestt - DEBUG - _audio_data_worker writing audio data into queue.
2026-04-20 21:12:16.785 - RealTimeSTT: realtimestt - DEBUG - _audio_data_worker writing audio data into queue.
2026-04-20 21:12:17.041 - RealTimeSTT: realtimestt - DEBUG - _audio_data_worker writing audio data into queue.
2026-04-20 21:12:17.809 - RealTimeSTT: realtimestt - DEBUG - _audio_data_worker writing audio data into queue.
2026-04-20 21:12:18.065 - RealTimeSTT: realtimestt - DEBUG - _audio_data_worker writing audio data into queue.
2026-04-20 21:12:18.833 - RealTimeSTT: realtimestt - DEBUG - _audio_data_worker writing audio data into queue.
2026-04-20 21:12:19.089 - RealTimeSTT: realtimestt - DEBUG - _audio_data_worker writing audio data into queue.
2026-04-20 21:12:19.857 - RealTimeSTT: realtimestt - DEBUG - _audio_data_worker writing audio data into queue.
2026-04-20 21:12:20.113 - RealTimeSTT: realtimestt - DEBUG - _audio_data_worker writing audio data into queue.
2026-04-20 21:12:20.881 - RealTimeSTT: realtimestt - DEBUG - _audio_data_worker writing audio data into queue.
2026-04-20 21:12:21.137 - RealTimeSTT: realtimestt - DEBUG - _audio_data_worker writing audio data into queue.
2026-04-20 21:12:21.905 - RealTimeSTT: realtimestt - DEBUG - _audio_data_worker writing audio data into queue.
2026-04-20 21:12:22.161 - RealTimeSTT: realtimestt - DEBUG - _audio_data_worker writing audio data into queue.
2026-04-20 21:12:22.929 - RealTimeSTT: realtimestt - DEBUG - _audio_data_worker writing audio data into queue.
2026-04-20 21:12:23.185 - RealTimeSTT: realtimestt - DEBUG - _audio_data_worker writing audio data into queue.
2026-04-20 21:12:23.953 - RealTimeSTT: realtimestt - DEBUG - _audio_data_worker writing audio data into queue.
2026-04-20 21:12:24.209 - RealTimeSTT: realtimestt - DEBUG - _audio_data_worker writing audio data into queue.
2026-04-20 21:12:24.977 - RealTimeSTT: realtimestt - DEBUG - _audio_data_worker writing audio data into queue.
2026-04-20 21:12:25.233 - RealTimeSTT: realtimestt - DEBUG - _audio_data_worker writing audio data into queue.
2026-04-20 21:12:26.001 - RealTimeSTT: realtimestt - DEBUG - _audio_data_worker writing audio data into queue.
2026-04-20 21:12:26.257 - RealTimeSTT: realtimestt - DEBUG - _audio_data_worker writing audio data into queue.
2026-04-20 21:12:27.025 - RealTimeSTT: realtimestt - DEBUG - _audio_data_worker writing audio data into queue.
2026-04-20 21:12:27.281 - RealTimeSTT: realtimestt - DEBUG - _audio_data_worker writing audio data into queue.
2026-04-20 21:12:28.049 - RealTimeSTT: realtimestt - DEBUG - _audio_data_worker writing audio data into queue.
2026-04-20 21:12:28.305 - RealTimeSTT: realtimestt - DEBUG - _audio_data_worker writing audio data into queue.
2026-04-20 21:12:29.073 - RealTimeSTT: realtimestt - DEBUG - _audio_data_worker writing audio data into queue.
2026-04-20 21:12:29.329 - RealTimeSTT: realtimestt - DEBUG - _audio_data_worker writing audio data into queue.
2026-04-20 21:12:30.097 - RealTimeSTT: realtimestt - DEBUG - _audio_data_worker writing audio data into queue.
2026-04-20 21:12:30.353 - RealTimeSTT: realtimestt - DEBUG - _audio_data_worker writing audio data into queue.
2026-04-20 21:12:31.121 - RealTimeSTT: realtimestt - DEBUG - _audio_data_worker writing audio data into queue.
2026-04-20 21:12:31.377 - RealTimeSTT: realtimestt - DEBUG - _audio_data_worker writing audio data into queue.
2026-04-20 21:12:32.145 - RealTimeSTT: realtimestt - DEBUG - _audio_data_worker writing audio data into queue.
2026-04-20 21:12:32.401 - RealTimeSTT: realtimestt - DEBUG - _audio_data_worker writing audio data into queue.
2026-04-20 21:12:33.169 - RealTimeSTT: realtimestt - DEBUG - _audio_data_worker writing audio data into queue.
2026-04-20 21:12:33.424 - RealTimeSTT: realtimestt - DEBUG - _audio_data_worker writing audio data into queue.
2026-04-20 21:12:34.193 - RealTimeSTT: realtimestt - DEBUG - _audio_data_worker writing audio data into queue.
2026-04-20 21:12:34.449 - RealTimeSTT: realtimestt - DEBUG - _audio_data_worker writing audio data into queue.
2026-04-20 21:12:35.217 - RealTimeSTT: realtimestt - DEBUG - _audio_data_worker writing audio data into queue.
2026-04-20 21:12:35.473 - RealTimeSTT: realtimestt - DEBUG - _audio_data_worker writing audio data into queue.
2026-04-20 21:12:36.241 - RealTimeSTT: realtimestt - DEBUG - _audio_data_worker writing audio data into queue.
2026-04-20 21:12:36.497 - RealTimeSTT: realtimestt - DEBUG - _audio_data_worker writing audio data into queue.
2026-04-20 21:12:37.264 - RealTimeSTT: realtimestt - DEBUG - _audio_data_worker writing audio data into queue.
2026-04-20 21:12:37.521 - RealTimeSTT: realtimestt - DEBUG - _audio_data_worker writing audio data into queue.
2026-04-20 21:12:38.288 - RealTimeSTT: realtimestt - DEBUG - _audio_data_worker writing audio data into queue.
2026-04-20 21:12:38.544 - RealTimeSTT: realtimestt - DEBUG - _audio_data_worker writing audio data into queue.
2026-04-20 21:12:39.312 - RealTimeSTT: realtimestt - DEBUG - _audio_data_worker writing audio data into queue.
2026-04-20 21:12:39.568 - RealTimeSTT: realtimestt - DEBUG - _audio_data_worker writing audio data into queue.
2026-04-20 21:12:40.336 - RealTimeSTT: realtimestt - DEBUG - _audio_data_worker writing audio data into queue.
2026-04-20 21:12:40.592 - RealTimeSTT: realtimestt - DEBUG - _audio_data_worker writing audio data into queue.
2026-04-20 21:12:41.360 - RealTimeSTT: realtimestt - DEBUG - _audio_data_worker writing audio data into queue.
2026-04-20 21:12:41.616 - RealTimeSTT: realtimestt - DEBUG - _audio_data_worker writing audio data into queue.
2026-04-20 21:12:42.384 - RealTimeSTT: realtimestt - DEBUG - _audio_data_worker writing audio data into queue.
2026-04-20 21:12:42.640 - RealTimeSTT: realtimestt - DEBUG - _audio_data_worker writing audio data into queue.
2026-04-20 21:12:43.408 - RealTimeSTT: realtimestt - DEBUG - _audio_data_worker writing audio data into queue.
2026-04-20 21:12:43.664 - RealTimeSTT: realtimestt - DEBUG - _audio_data_worker writing audio data into queue.
2026-04-20 21:12:44.432 - RealTimeSTT: realtimestt - DEBUG - _audio_data_worker writing audio data into queue.
2026-04-20 21:12:44.688 - RealTimeSTT: realtimestt - DEBUG - _audio_data_worker writing audio data into queue.
2026-04-20 21:12:45.456 - RealTimeSTT: realtimestt - DEBUG - _audio_data_worker writing audio data into queue.
2026-04-20 21:12:45.712 - RealTimeSTT: realtimestt - DEBUG - _audio_data_worker writing audio data into queue.
2026-04-20 21:12:46.480 - RealTimeSTT: realtimestt - DEBUG - _audio_data_worker writing audio data into queue.
2026-04-20 21:12:46.736 - RealTimeSTT: realtimestt - DEBUG - _audio_data_worker writing audio data into queue.
2026-04-20 21:12:47.504 - RealTimeSTT: realtimestt - DEBUG - _audio_data_worker writing audio data into queue.
2026-04-20 21:12:47.760 - RealTimeSTT: realtimestt - DEBUG - _audio_data_worker writing audio data into queue.
2026-04-20 21:12:48.528 - RealTimeSTT: realtimestt - DEBUG - _audio_data_worker writing audio data into queue.
2026-04-20 21:12:48.784 - RealTimeSTT: realtimestt - DEBUG - _audio_data_worker writing audio data into queue.
2026-04-20 21:12:49.552 - RealTimeSTT: realtimestt - DEBUG - _audio_data_worker writing audio data into queue.
2026-04-20 21:12:49.808 - RealTimeSTT: realtimestt - DEBUG - _audio_data_worker writing audio data into queue.
2026-04-20 21:12:50.576 - RealTimeSTT: realtimestt - DEBUG - _audio_data_worker writing audio data into queue.
2026-04-20 21:12:50.832 - RealTimeSTT: realtimestt - DEBUG - _audio_data_worker writing audio data into queue.
2026-04-20 21:12:51.600 - RealTimeSTT: realtimestt - DEBUG - _audio_data_worker writing audio data into queue.
2026-04-20 21:12:51.856 - RealTimeSTT: realtimestt - DEBUG - _audio_data_worker writing audio data into queue.
2026-04-20 21:12:52.624 - RealTimeSTT: realtimestt - DEBUG - _audio_data_worker writing audio data into queue.
2026-04-20 21:12:52.880 - RealTimeSTT: realtimestt - DEBUG - _audio_data_worker writing audio data into queue.
2026-04-20 21:12:52.955 - RealTimeSTT: realtimestt - DEBUG - Debug: Caught exception in main try block
2026-04-20 21:12:53.904 - RealTimeSTT: realtimestt - DEBUG - _audio_data_worker writing audio data into queue.
2026-04-20 21:12:54.928 - RealTimeSTT: realtimestt - DEBUG - _audio_data_worker writing audio data into queue.
2026-04-20 21:12:55.952 - RealTimeSTT: realtimestt - DEBUG - _audio_data_worker writing audio data into queue.
2026-04-20 21:12:56.976 - RealTimeSTT: realtimestt - DEBUG - _audio_data_worker writing audio data into queue.
2026-04-20 21:12:58.000 - RealTimeSTT: realtimestt - DEBUG - _audio_data_worker writing audio data into queue.
2026-04-20 21:12:59.024 - RealTimeSTT: realtimestt - DEBUG - _audio_data_worker writing audio data into queue.
2026-04-20 21:13:00.048 - RealTimeSTT: realtimestt - DEBUG - _audio_data_worker writing audio data into queue.
2026-04-20 21:13:01.072 - RealTimeSTT: realtimestt - DEBUG - _audio_data_worker writing audio data into queue.
2026-04-20 21:13:02.096 - RealTimeSTT: realtimestt - DEBUG - _audio_data_worker writing audio data into queue.
2026-04-20 21:13:03.120 - RealTimeSTT: realtimestt - DEBUG - _audio_data_worker writing audio data into queue.
2026-04-20 21:13:04.144 - RealTimeSTT: realtimestt - DEBUG - _audio_data_worker writing audio data into queue.
2026-04-20 21:13:05.168 - RealTimeSTT: realtimestt - DEBUG - _audio_data_worker writing audio data into queue.
2026-04-20 21:13:06.192 - RealTimeSTT: realtimestt - DEBUG - _audio_data_worker writing audio data into queue.
2026-04-20 21:13:07.216 - RealTimeSTT: realtimestt - DEBUG - _audio_data_worker writing audio data into queue.
2026-04-20 21:13:08.240 - RealTimeSTT: realtimestt - DEBUG - _audio_data_worker writing audio data into queue.
2026-04-20 21:13:09.264 - RealTimeSTT: realtimestt - DEBUG - _audio_data_worker writing audio data into queue.
2026-04-20 21:13:10.288 - RealTimeSTT: realtimestt - DEBUG - _audio_data_worker writing audio data into queue.
2026-04-20 21:13:11.312 - RealTimeSTT: realtimestt - DEBUG - _audio_data_worker writing audio data into queue.
2026-04-20 21:13:12.336 - RealTimeSTT: realtimestt - DEBUG - _audio_data_worker writing audio data into queue.
2026-04-20 21:13:13.360 - RealTimeSTT: realtimestt - DEBUG - _audio_data_worker writing audio data into queue.
2026-04-20 21:13:14.384 - RealTimeSTT: realtimestt - DEBUG - _audio_data_worker writing audio data into queue.
2026-04-20 21:13:15.408 - RealTimeSTT: realtimestt - DEBUG - _audio_data_worker writing audio data into queue.
2026-04-20 21:13:16.432 - RealTimeSTT: realtimestt - DEBUG - _audio_data_worker writing audio data into queue.
2026-04-20 21:13:17.456 - RealTimeSTT: realtimestt - DEBUG - _audio_data_worker writing audio data into queue.
2026-04-20 21:13:18.480 - RealTimeSTT: realtimestt - DEBUG - _audio_data_worker writing audio data into queue.
2026-04-20 21:13:19.504 - RealTimeSTT: realtimestt - DEBUG - _audio_data_worker writing audio data into queue.
2026-04-20 21:13:20.528 - RealTimeSTT: realtimestt - DEBUG - _audio_data_worker writing audio data into queue.
2026-04-20 21:13:21.552 - RealTimeSTT: realtimestt - DEBUG - _audio_data_worker writing audio data into queue.
2026-04-20 21:13:22.576 - RealTimeSTT: realtimestt - DEBUG - _audio_data_worker writing audio data into queue.
2026-04-20 21:13:23.600 - RealTimeSTT: realtimestt - DEBUG - _audio_data_worker writing audio data into queue.
2026-04-20 21:13:24.624 - RealTimeSTT: realtimestt - DEBUG - _audio_data_worker writing audio data into queue.
2026-04-20 21:13:25.648 - RealTimeSTT: realtimestt - DEBUG - _audio_data_worker writing audio data into queue.
2026-04-20 21:13:26.672 - RealTimeSTT: realtimestt - DEBUG - _audio_data_worker writing audio data into queue.
2026-04-20 21:13:27.696 - RealTimeSTT: realtimestt - DEBUG - _audio_data_worker writing audio data into queue.
2026-04-20 21:13:28.720 - RealTimeSTT: realtimestt - DEBUG - _audio_data_worker writing audio data into queue.
2026-04-20 21:13:29.744 - RealTimeSTT: realtimestt - DEBUG - _audio_data_worker writing audio data into queue.
2026-04-20 21:13:30.768 - RealTimeSTT: realtimestt - DEBUG - _audio_data_worker writing audio data into queue.
2026-04-20 21:13:31.792 - RealTimeSTT: realtimestt - DEBUG - _audio_data_worker writing audio data into queue.
2026-04-20 21:13:32.816 - RealTimeSTT: realtimestt - DEBUG - _audio_data_worker writing audio data into queue.
2026-04-20 21:13:33.840 - RealTimeSTT: realtimestt - DEBUG - _audio_data_worker writing audio data into queue.
2026-04-20 21:13:34.864 - RealTimeSTT: realtimestt - DEBUG - _audio_data_worker writing audio data into queue.
2026-04-20 21:13:35.888 - RealTimeSTT: realtimestt - DEBUG - _audio_data_worker writing audio data into queue.
2026-04-20 21:13:36.912 - RealTimeSTT: realtimestt - DEBUG - _audio_data_worker writing audio data into queue.
2026-04-20 21:13:37.936 - RealTimeSTT: realtimestt - DEBUG - _audio_data_worker writing audio data into queue.
2026-04-20 21:13:38.960 - RealTimeSTT: realtimestt - DEBUG - _audio_data_worker writing audio data into queue.
2026-04-20 21:13:39.984 - RealTimeSTT: realtimestt - DEBUG - _audio_data_worker writing audio data into queue.
2026-04-20 21:13:41.008 - RealTimeSTT: realtimestt - DEBUG - _audio_data_worker writing audio data into queue.
2026-04-20 21:13:42.032 - RealTimeSTT: realtimestt - DEBUG - _audio_data_worker writing audio data into queue.
2026-04-20 21:13:43.056 - RealTimeSTT: realtimestt - DEBUG - _audio_data_worker writing audio data into queue.
2026-04-20 21:13:44.080 - RealTimeSTT: realtimestt - DEBUG - _audio_data_worker writing audio data into queue.
2026-04-20 21:13:45.104 - RealTimeSTT: realtimestt - DEBUG - _audio_data_worker writing audio data into queue.
2026-04-20 21:13:46.128 - RealTimeSTT: realtimestt - DEBUG - _audio_data_worker writing audio data into queue.
2026-04-20 21:13:47.152 - RealTimeSTT: realtimestt - DEBUG - _audio_data_worker writing audio data into queue.
2026-04-20 21:13:48.176 - RealTimeSTT: realtimestt - DEBUG - _audio_data_worker writing audio data into queue.
2026-04-20 21:13:49.200 - RealTimeSTT: realtimestt - DEBUG - _audio_data_worker writing audio data into queue.
2026-04-20 21:13:50.224 - RealTimeSTT: realtimestt - DEBUG - _audio_data_worker writing audio data into queue.
2026-04-20 21:13:51.248 - RealTimeSTT: realtimestt - DEBUG - _audio_data_worker writing audio data into queue.
2026-04-20 21:13:52.272 - RealTimeSTT: realtimestt - DEBUG - _audio_data_worker writing audio data into queue.
2026-04-20 21:13:53.296 - RealTimeSTT: realtimestt - DEBUG - _audio_data_worker writing audio data into queue.
2026-04-20 21:13:54.319 - RealTimeSTT: realtimestt - DEBUG - _audio_data_worker writing audio data into queue.
2026-04-20 21:13:55.343 - RealTimeSTT: realtimestt - DEBUG - _audio_data_worker writing audio data into queue.
2026-04-20 21:13:56.367 - RealTimeSTT: realtimestt - DEBUG - _audio_data_worker writing audio data into queue.
2026-04-20 21:13:57.391 - RealTimeSTT: realtimestt - DEBUG - _audio_data_worker writing audio data into queue.
2026-04-20 21:13:58.415 - RealTimeSTT: realtimestt - DEBUG - _audio_data_worker writing audio data into queue.
2026-04-20 21:13:59.439 - RealTimeSTT: realtimestt - DEBUG - _audio_data_worker writing audio data into queue.
2026-04-20 21:14:00.463 - RealTimeSTT: realtimestt - DEBUG - _audio_data_worker writing audio data into queue.
2026-04-20 21:14:01.487 - RealTimeSTT: realtimestt - DEBUG - _audio_data_worker writing audio data into queue.
2026-04-20 21:14:02.511 - RealTimeSTT: realtimestt - DEBUG - _audio_data_worker writing audio data into queue.
2026-04-20 21:14:03.535 - RealTimeSTT: realtimestt - DEBUG - _audio_data_worker writing audio data into queue.
2026-04-20 21:14:04.559 - RealTimeSTT: realtimestt - DEBUG - _audio_data_worker writing audio data into queue.
2026-04-20 21:14:05.583 - RealTimeSTT: realtimestt - DEBUG - _audio_data_worker writing audio data into queue.
2026-04-20 21:14:06.607 - RealTimeSTT: realtimestt - DEBUG - _audio_data_worker writing audio data into queue.
2026-04-20 21:14:07.631 - RealTimeSTT: realtimestt - DEBUG - _audio_data_worker writing audio data into queue.
2026-04-20 21:14:08.655 - RealTimeSTT: realtimestt - DEBUG - _audio_data_worker writing audio data into queue.
2026-04-20 21:14:09.679 - RealTimeSTT: realtimestt - DEBUG - _audio_data_worker writing audio data into queue.
2026-04-20 21:14:10.703 - RealTimeSTT: realtimestt - DEBUG - _audio_data_worker writing audio data into queue.
2026-04-20 21:14:11.727 - RealTimeSTT: realtimestt - DEBUG - _audio_data_worker writing audio data into queue.
2026-04-20 21:14:12.751 - RealTimeSTT: realtimestt - DEBUG - _audio_data_worker writing audio data into queue.
2026-04-20 21:14:13.775 - RealTimeSTT: realtimestt - DEBUG - _audio_data_worker writing audio data into queue.
2026-04-20 21:14:14.799 - RealTimeSTT: realtimestt - DEBUG - _audio_data_worker writing audio data into queue.
2026-04-20 21:14:15.823 - RealTimeSTT: realtimestt - DEBUG - _audio_data_worker writing audio data into queue.
2026-04-20 21:14:16.847 - RealTimeSTT: realtimestt - DEBUG - _audio_data_worker writing audio data into queue.
2026-04-20 21:14:17.871 - RealTimeSTT: realtimestt - DEBUG - _audio_data_worker writing audio data into queue.
2026-04-20 21:14:18.895 - RealTimeSTT: realtimestt - DEBUG - _audio_data_worker writing audio data into queue.
2026-04-20 21:14:19.919 - RealTimeSTT: realtimestt - DEBUG - _audio_data_worker writing audio data into queue.
2026-04-20 21:14:20.943 - RealTimeSTT: realtimestt - DEBUG - _audio_data_worker writing audio data into queue.
2026-04-20 21:14:21.967 - RealTimeSTT: realtimestt - DEBUG - _audio_data_worker writing audio data into queue.
2026-04-20 21:14:22.991 - RealTimeSTT: realtimestt - DEBUG - _audio_data_worker writing audio data into queue.
2026-04-20 21:14:24.015 - RealTimeSTT: realtimestt - DEBUG - _audio_data_worker writing audio data into queue.
2026-04-20 21:14:25.039 - RealTimeSTT: realtimestt - DEBUG - _audio_data_worker writing audio data into queue.
2026-04-20 21:14:26.063 - RealTimeSTT: realtimestt - DEBUG - _audio_data_worker writing audio data into queue.
2026-04-20 21:14:27.087 - RealTimeSTT: realtimestt - DEBUG - _audio_data_worker writing audio data into queue.
2026-04-20 21:14:28.111 - RealTimeSTT: realtimestt - DEBUG - _audio_data_worker writing audio data into queue.
2026-04-20 21:14:29.135 - RealTimeSTT: realtimestt - DEBUG - _audio_data_worker writing audio data into queue.
2026-04-20 21:14:30.159 - RealTimeSTT: realtimestt - DEBUG - _audio_data_worker writing audio data into queue.
2026-04-20 21:14:31.183 - RealTimeSTT: realtimestt - DEBUG - _audio_data_worker writing audio data into queue.
2026-04-20 21:14:32.207 - RealTimeSTT: realtimestt - DEBUG - _audio_data_worker writing audio data into queue.
2026-04-20 21:14:33.231 - RealTimeSTT: realtimestt - DEBUG - _audio_data_worker writing audio data into queue.
2026-04-20 21:14:34.255 - RealTimeSTT: realtimestt - DEBUG - _audio_data_worker writing audio data into queue.
2026-04-20 21:14:35.279 - RealTimeSTT: realtimestt - DEBUG - _audio_data_worker writing audio data into queue.
2026-04-20 21:14:36.303 - RealTimeSTT: realtimestt - DEBUG - _audio_data_worker writing audio data into queue.
2026-04-20 21:14:37.327 - RealTimeSTT: realtimestt - DEBUG - _audio_data_worker writing audio data into queue.
2026-04-20 21:14:38.351 - RealTimeSTT: realtimestt - DEBUG - _audio_data_worker writing audio data into queue.
2026-04-20 21:14:39.375 - RealTimeSTT: realtimestt - DEBUG - _audio_data_worker writing audio data into queue.
2026-04-20 21:14:40.399 - RealTimeSTT: realtimestt - DEBUG - _audio_data_worker writing audio data into queue.
2026-04-20 21:14:41.423 - RealTimeSTT: realtimestt - DEBUG - _audio_data_worker writing audio data into queue.
2026-04-20 21:14:42.447 - RealTimeSTT: realtimestt - DEBUG - _audio_data_worker writing audio data into queue.
2026-04-20 21:14:43.471 - RealTimeSTT: realtimestt - DEBUG - _audio_data_worker writing audio data into queue.
2026-04-20 21:14:44.495 - RealTimeSTT: realtimestt - DEBUG - _audio_data_worker writing audio data into queue.
2026-04-20 21:14:45.519 - RealTimeSTT: realtimestt - DEBUG - _audio_data_worker writing audio data into queue.
2026-04-20 21:14:46.543 - RealTimeSTT: realtimestt - DEBUG - _audio_data_worker writing audio data into queue.
2026-04-20 21:14:47.567 - RealTimeSTT: realtimestt - DEBUG - _audio_data_worker writing audio data into queue.
2026-04-20 21:14:48.591 - RealTimeSTT: realtimestt - DEBUG - _audio_data_worker writing audio data into queue.
2026-04-20 21:14:49.615 - RealTimeSTT: realtimestt - DEBUG - _audio_data_worker writing audio data into queue.
2026-04-20 21:14:50.639 - RealTimeSTT: realtimestt - DEBUG - _audio_data_worker writing audio data into queue.
2026-04-20 21:14:51.663 - RealTimeSTT: realtimestt - DEBUG - _audio_data_worker writing audio data into queue.
2026-04-20 21:14:52.687 - RealTimeSTT: realtimestt - DEBUG - _audio_data_worker writing audio data into queue.
2026-04-20 21:14:53.711 - RealTimeSTT: realtimestt - DEBUG - _audio_data_worker writing audio data into queue.
2026-04-20 21:14:54.735 - RealTimeSTT: realtimestt - DEBUG - _audio_data_worker writing audio data into queue.
2026-04-20 21:14:55.759 - RealTimeSTT: realtimestt - DEBUG - _audio_data_worker writing audio data into queue.
2026-04-20 21:14:56.783 - RealTimeSTT: realtimestt - DEBUG - _audio_data_worker writing audio data into queue.
2026-04-20 21:14:57.807 - RealTimeSTT: realtimestt - DEBUG - _audio_data_worker writing audio data into queue.
2026-04-20 21:14:58.831 - RealTimeSTT: realtimestt - DEBUG - _audio_data_worker writing audio data into queue.
2026-04-20 21:14:59.855 - RealTimeSTT: realtimestt - DEBUG - _audio_data_worker writing audio data into queue.
2026-04-20 21:15:00.879 - RealTimeSTT: realtimestt - DEBUG - _audio_data_worker writing audio data into queue.
2026-04-20 21:15:01.903 - RealTimeSTT: realtimestt - DEBUG - _audio_data_worker writing audio data into queue.
2026-04-20 21:15:02.927 - RealTimeSTT: realtimestt - DEBUG - _audio_data_worker writing audio data into queue.
2026-04-20 21:15:03.951 - RealTimeSTT: realtimestt - DEBUG - _audio_data_worker writing audio data into queue.
2026-04-20 21:15:04.975 - RealTimeSTT: realtimestt - DEBUG - _audio_data_worker writing audio data into queue.
2026-04-20 21:15:05.999 - RealTimeSTT: realtimestt - DEBUG - _audio_data_worker writing audio data into queue.
2026-04-20 21:15:07.023 - RealTimeSTT: realtimestt - DEBUG - _audio_data_worker writing audio data into queue.
2026-04-20 21:15:08.047 - RealTimeSTT: realtimestt - DEBUG - _audio_data_worker writing audio data into queue.
2026-04-20 21:15:09.071 - RealTimeSTT: realtimestt - DEBUG - _audio_data_worker writing audio data into queue.
2026-04-20 21:15:10.095 - RealTimeSTT: realtimestt - DEBUG - _audio_data_worker writing audio data into queue.
2026-04-20 21:15:11.119 - RealTimeSTT: realtimestt - DEBUG - _audio_data_worker writing audio data into queue.
2026-04-20 21:15:12.143 - RealTimeSTT: realtimestt - DEBUG - _audio_data_worker writing audio data into queue.
2026-04-20 21:15:13.167 - RealTimeSTT: realtimestt - DEBUG - _audio_data_worker writing audio data into queue.
2026-04-20 21:15:14.191 - RealTimeSTT: realtimestt - DEBUG - _audio_data_worker writing audio data into queue.
2026-04-20 21:15:15.215 - RealTimeSTT: realtimestt - DEBUG - _audio_data_worker writing audio data into queue.
2026-04-20 21:15:16.239 - RealTimeSTT: realtimestt - DEBUG - _audio_data_worker writing audio data into queue.
2026-04-20 21:15:17.263 - RealTimeSTT: realtimestt - DEBUG - _audio_data_worker writing audio data into queue.
2026-04-20 21:15:18.287 - RealTimeSTT: realtimestt - DEBUG - _audio_data_worker writing audio data into queue.
2026-04-20 21:15:19.311 - RealTimeSTT: realtimestt - DEBUG - _audio_data_worker writing audio data into queue.
2026-04-20 21:15:20.335 - RealTimeSTT: realtimestt - DEBUG - _audio_data_worker writing audio data into queue.
2026-04-20 21:15:21.359 - RealTimeSTT: realtimestt - DEBUG - _audio_data_worker writing audio data into queue.
2026-04-20 21:15:22.383 - RealTimeSTT: realtimestt - DEBUG - _audio_data_worker writing audio data into queue.
2026-04-20 21:15:23.407 - RealTimeSTT: realtimestt - DEBUG - _audio_data_worker writing audio data into queue.
2026-04-20 21:15:24.431 - RealTimeSTT: realtimestt - DEBUG - _audio_data_worker writing audio data into queue.
2026-04-20 21:15:25.455 - RealTimeSTT: realtimestt - DEBUG - _audio_data_worker writing audio data into queue.
2026-04-20 21:15:26.479 - RealTimeSTT: realtimestt - DEBUG - _audio_data_worker writing audio data into queue.
2026-04-20 21:15:27.503 - RealTimeSTT: realtimestt - DEBUG - _audio_data_worker writing audio data into queue.
2026-04-20 21:15:28.527 - RealTimeSTT: realtimestt - DEBUG - _audio_data_worker writing audio data into queue.
2026-04-20 21:15:29.551 - RealTimeSTT: realtimestt - DEBUG - _audio_data_worker writing audio data into queue.
2026-04-20 21:15:30.575 - RealTimeSTT: realtimestt - DEBUG - _audio_data_worker writing audio data into queue.
2026-04-20 21:15:31.599 - RealTimeSTT: realtimestt - DEBUG - _audio_data_worker writing audio data into queue.
2026-04-20 21:15:32.623 - RealTimeSTT: realtimestt - DEBUG - _audio_data_worker writing audio data into queue.
2026-04-20 21:15:33.647 - RealTimeSTT: realtimestt - DEBUG - _audio_data_worker writing audio data into queue.
2026-04-20 21:15:34.671 - RealTimeSTT: realtimestt - DEBUG - _audio_data_worker writing audio data into queue.
2026-04-20 21:15:35.695 - RealTimeSTT: realtimestt - DEBUG - _audio_data_worker writing audio data into queue.
2026-04-20 21:15:36.718 - RealTimeSTT: realtimestt - DEBUG - _audio_data_worker writing audio data into queue.
2026-04-20 21:15:37.742 - RealTimeSTT: realtimestt - DEBUG - _audio_data_worker writing audio data into queue.
2026-04-20 21:15:38.766 - RealTimeSTT: realtimestt - DEBUG - _audio_data_worker writing audio data into queue.
2026-04-20 21:15:39.790 - RealTimeSTT: realtimestt - DEBUG - _audio_data_worker writing audio data into queue.
2026-04-20 21:15:40.814 - RealTimeSTT: realtimestt - DEBUG - _audio_data_worker writing audio data into queue.
2026-04-20 21:15:41.838 - RealTimeSTT: realtimestt - DEBUG - _audio_data_worker writing audio data into queue.
2026-04-20 21:15:42.862 - RealTimeSTT: realtimestt - DEBUG - _audio_data_worker writing audio data into queue.
2026-04-20 21:15:43.886 - RealTimeSTT: realtimestt - DEBUG - _audio_data_worker writing audio data into queue.
2026-04-20 21:15:44.910 - RealTimeSTT: realtimestt - DEBUG - _audio_data_worker writing audio data into queue.
2026-04-20 21:15:45.934 - RealTimeSTT: realtimestt - DEBUG - _audio_data_worker writing audio data into queue.
2026-04-20 21:15:46.958 - RealTimeSTT: realtimestt - DEBUG - _audio_data_worker writing audio data into queue.
2026-04-20 21:15:47.982 - RealTimeSTT: realtimestt - DEBUG - _audio_data_worker writing audio data into queue.
2026-04-20 21:15:49.006 - RealTimeSTT: realtimestt - DEBUG - _audio_data_worker writing audio data into queue.
2026-04-20 21:15:50.030 - RealTimeSTT: realtimestt - DEBUG - _audio_data_worker writing audio data into queue.
2026-04-20 21:15:51.054 - RealTimeSTT: realtimestt - DEBUG - _audio_data_worker writing audio data into queue.
2026-04-20 21:15:52.078 - RealTimeSTT: realtimestt - DEBUG - _audio_data_worker writing audio data into queue.
2026-04-20 21:15:53.102 - RealTimeSTT: realtimestt - DEBUG - _audio_data_worker writing audio data into queue.
2026-04-20 21:15:54.126 - RealTimeSTT: realtimestt - DEBUG - _audio_data_worker writing audio data into queue.
2026-04-20 21:15:55.150 - RealTimeSTT: realtimestt - DEBUG - _audio_data_worker writing audio data into queue.
2026-04-20 21:15:56.174 - RealTimeSTT: realtimestt - DEBUG - _audio_data_worker writing audio data into queue.
2026-04-20 21:15:57.198 - RealTimeSTT: realtimestt - DEBUG - _audio_data_worker writing audio data into queue.
2026-04-20 21:15:58.222 - RealTimeSTT: realtimestt - DEBUG - _audio_data_worker writing audio data into queue.
2026-04-20 21:15:59.246 - RealTimeSTT: realtimestt - DEBUG - _audio_data_worker writing audio data into queue.
2026-04-20 21:16:00.270 - RealTimeSTT: realtimestt - DEBUG - _audio_data_worker writing audio data into queue.
2026-04-20 21:16:01.294 - RealTimeSTT: realtimestt - DEBUG - _audio_data_worker writing audio data into queue.
2026-04-20 21:16:02.318 - RealTimeSTT: realtimestt - DEBUG - _audio_data_worker writing audio data into queue.
2026-04-20 21:16:03.342 - RealTimeSTT: realtimestt - DEBUG - _audio_data_worker writing audio data into queue.
2026-04-20 21:16:04.366 - RealTimeSTT: realtimestt - DEBUG - _audio_data_worker writing audio data into queue.
2026-04-20 21:16:05.390 - RealTimeSTT: realtimestt - DEBUG - _audio_data_worker writing audio data into queue.
2026-04-20 21:16:06.414 - RealTimeSTT: realtimestt - DEBUG - _audio_data_worker writing audio data into queue.
2026-04-20 21:16:07.438 - RealTimeSTT: realtimestt - DEBUG - _audio_data_worker writing audio data into queue.
2026-04-20 21:16:08.462 - RealTimeSTT: realtimestt - DEBUG - _audio_data_worker writing audio data into queue.
2026-04-20 21:16:09.486 - RealTimeSTT: realtimestt - DEBUG - _audio_data_worker writing audio data into queue.
2026-04-20 21:16:10.510 - RealTimeSTT: realtimestt - DEBUG - _audio_data_worker writing audio data into queue.
2026-04-20 21:16:11.534 - RealTimeSTT: realtimestt - DEBUG - _audio_data_worker writing audio data into queue.
2026-04-20 21:16:12.558 - RealTimeSTT: realtimestt - DEBUG - _audio_data_worker writing audio data into queue.
2026-04-20 21:16:13.582 - RealTimeSTT: realtimestt - DEBUG - _audio_data_worker writing audio data into queue.
2026-04-20 21:16:14.606 - RealTimeSTT: realtimestt - DEBUG - _audio_data_worker writing audio data into queue.
2026-04-20 21:16:15.630 - RealTimeSTT: realtimestt - DEBUG - _audio_data_worker writing audio data into queue.
2026-04-20 21:16:16.654 - RealTimeSTT: realtimestt - DEBUG - _audio_data_worker writing audio data into queue.
2026-04-20 21:16:17.678 - RealTimeSTT: realtimestt - DEBUG - _audio_data_worker writing audio data into queue.
2026-04-20 21:16:18.702 - RealTimeSTT: realtimestt - DEBUG - _audio_data_worker writing audio data into queue.
2026-04-20 21:16:19.726 - RealTimeSTT: realtimestt - DEBUG - _audio_data_worker writing audio data into queue.
2026-04-20 21:16:20.750 - RealTimeSTT: realtimestt - DEBUG - _audio_data_worker writing audio data into queue.
2026-04-20 21:16:21.774 - RealTimeSTT: realtimestt - DEBUG - _audio_data_worker writing audio data into queue.
2026-04-20 21:16:22.798 - RealTimeSTT: realtimestt - DEBUG - _audio_data_worker writing audio data into queue.
2026-04-20 21:16:23.822 - RealTimeSTT: realtimestt - DEBUG - _audio_data_worker writing audio data into queue.
2026-04-20 21:16:24.846 - RealTimeSTT: realtimestt - DEBUG - _audio_data_worker writing audio data into queue.
2026-04-20 21:16:25.870 - RealTimeSTT: realtimestt - DEBUG - _audio_data_worker writing audio data into queue.
2026-04-20 21:16:26.894 - RealTimeSTT: realtimestt - DEBUG - _audio_data_worker writing audio data into queue.
2026-04-20 21:16:27.918 - RealTimeSTT: realtimestt - DEBUG - _audio_data_worker writing audio data into queue.
2026-04-20 21:16:28.942 - RealTimeSTT: realtimestt - DEBUG - _audio_data_worker writing audio data into queue.
2026-04-20 21:16:29.966 - RealTimeSTT: realtimestt - DEBUG - _audio_data_worker writing audio data into queue.
2026-04-20 21:16:30.990 - RealTimeSTT: realtimestt - DEBUG - _audio_data_worker writing audio data into queue.
2026-04-20 21:16:32.014 - RealTimeSTT: realtimestt - DEBUG - _audio_data_worker writing audio data into queue.
2026-04-20 21:16:33.038 - RealTimeSTT: realtimestt - DEBUG - _audio_data_worker writing audio data into queue.
2026-04-20 21:16:34.062 - RealTimeSTT: realtimestt - DEBUG - _audio_data_worker writing audio data into queue.
2026-04-20 21:16:35.086 - RealTimeSTT: realtimestt - DEBUG - _audio_data_worker writing audio data into queue.
2026-04-20 21:16:36.110 - RealTimeSTT: realtimestt - DEBUG - _audio_data_worker writing audio data into queue.
2026-04-20 21:16:37.134 - RealTimeSTT: realtimestt - DEBUG - _audio_data_worker writing audio data into queue.
2026-04-20 21:16:38.158 - RealTimeSTT: realtimestt - DEBUG - _audio_data_worker writing audio data into queue.
2026-04-20 21:16:39.182 - RealTimeSTT: realtimestt - DEBUG - _audio_data_worker writing audio data into queue.
2026-04-20 21:16:40.206 - RealTimeSTT: realtimestt - DEBUG - _audio_data_worker writing audio data into queue.
2026-04-20 21:16:41.230 - RealTimeSTT: realtimestt - DEBUG - _audio_data_worker writing audio data into queue.
2026-04-20 21:16:42.254 - RealTimeSTT: realtimestt - DEBUG - _audio_data_worker writing audio data into queue.
2026-04-20 21:16:43.278 - RealTimeSTT: realtimestt - DEBUG - _audio_data_worker writing audio data into queue.
2026-04-20 21:16:44.302 - RealTimeSTT: realtimestt - DEBUG - _audio_data_worker writing audio data into queue.
2026-04-20 21:16:45.326 - RealTimeSTT: realtimestt - DEBUG - _audio_data_worker writing audio data into queue.
2026-04-20 21:16:46.350 - RealTimeSTT: realtimestt - DEBUG - _audio_data_worker writing audio data into queue.
2026-04-20 21:16:47.374 - RealTimeSTT: realtimestt - DEBUG - _audio_data_worker writing audio data into queue.
2026-04-20 21:16:48.398 - RealTimeSTT: realtimestt - DEBUG - _audio_data_worker writing audio data into queue.
2026-04-20 21:16:49.422 - RealTimeSTT: realtimestt - DEBUG - _audio_data_worker writing audio data into queue.
2026-04-20 21:16:50.446 - RealTimeSTT: realtimestt - DEBUG - _audio_data_worker writing audio data into queue.
2026-04-20 21:16:51.470 - RealTimeSTT: realtimestt - DEBUG - _audio_data_worker writing audio data into queue.
2026-04-20 21:16:52.494 - RealTimeSTT: realtimestt - DEBUG - _audio_data_worker writing audio data into queue.
2026-04-20 21:16:53.518 - RealTimeSTT: realtimestt - DEBUG - _audio_data_worker writing audio data into queue.
2026-04-20 21:16:54.542 - RealTimeSTT: realtimestt - DEBUG - _audio_data_worker writing audio data into queue.
2026-04-20 21:16:55.566 - RealTimeSTT: realtimestt - DEBUG - _audio_data_worker writing audio data into queue.
2026-04-20 21:16:56.590 - RealTimeSTT: realtimestt - DEBUG - _audio_data_worker writing audio data into queue.
2026-04-20 21:16:57.614 - RealTimeSTT: realtimestt - DEBUG - _audio_data_worker writing audio data into queue.
2026-04-20 21:16:58.638 - RealTimeSTT: realtimestt - DEBUG - _audio_data_worker writing audio data into queue.
2026-04-20 21:16:59.662 - RealTimeSTT: realtimestt - DEBUG - _audio_data_worker writing audio data into queue.
2026-04-20 21:17:00.686 - RealTimeSTT: realtimestt - DEBUG - _audio_data_worker writing audio data into queue.
2026-04-20 21:17:01.710 - RealTimeSTT: realtimestt - DEBUG - _audio_data_worker writing audio data into queue.
2026-04-20 21:17:02.734 - RealTimeSTT: realtimestt - DEBUG - _audio_data_worker writing audio data into queue.
2026-04-20 21:17:03.758 - RealTimeSTT: realtimestt - DEBUG - _audio_data_worker writing audio data into queue.
2026-04-20 21:17:04.782 - RealTimeSTT: realtimestt - DEBUG - _audio_data_worker writing audio data into queue.
2026-04-20 21:17:05.806 - RealTimeSTT: realtimestt - DEBUG - _audio_data_worker writing audio data into queue.
2026-04-20 21:17:06.830 - RealTimeSTT: realtimestt - DEBUG - _audio_data_worker writing audio data into queue.
2026-04-20 21:17:07.854 - RealTimeSTT: realtimestt - DEBUG - _audio_data_worker writing audio data into queue.
2026-04-20 21:17:08.878 - RealTimeSTT: realtimestt - DEBUG - _audio_data_worker writing audio data into queue.
2026-04-20 21:17:09.902 - RealTimeSTT: realtimestt - DEBUG - _audio_data_worker writing audio data into queue.
2026-04-20 21:17:10.926 - RealTimeSTT: realtimestt - DEBUG - _audio_data_worker writing audio data into queue.
2026-04-20 21:17:11.950 - RealTimeSTT: realtimestt - DEBUG - _audio_data_worker writing audio data into queue.
2026-04-20 21:17:12.974 - RealTimeSTT: realtimestt - DEBUG - _audio_data_worker writing audio data into queue.
2026-04-20 21:17:13.998 - RealTimeSTT: realtimestt - DEBUG - _audio_data_worker writing audio data into queue.
2026-04-20 21:17:15.022 - RealTimeSTT: realtimestt - DEBUG - _audio_data_worker writing audio data into queue.
2026-04-20 21:17:16.045 - RealTimeSTT: realtimestt - DEBUG - _audio_data_worker writing audio data into queue.
2026-04-20 21:17:17.070 - RealTimeSTT: realtimestt - DEBUG - _audio_data_worker writing audio data into queue.
2026-04-20 21:17:18.093 - RealTimeSTT: realtimestt - DEBUG - _audio_data_worker writing audio data into queue.
2026-04-20 21:17:19.117 - RealTimeSTT: realtimestt - DEBUG - _audio_data_worker writing audio data into queue.
2026-04-20 21:17:19.560 - RealTimeSTT: realtimestt - INFO - Starting RealTimeSTT
2026-04-20 21:17:19.586 - RealTimeSTT: realtimestt - INFO - Initializing audio recording (creating pyAudio input stream, sample rate: 16000 buffer size: 512
2026-04-20 21:17:19.587 - RealTimeSTT: realtimestt - DEBUG - Starting audio data worker with target_sample_rate=16000, buffer_size=512, input_device_index=None
2026-04-20 21:17:19.587 - RealTimeSTT: realtimestt - INFO - Initializing WebRTC voice with Sensitivity 3
2026-04-20 21:17:19.587 - RealTimeSTT: realtimestt - DEBUG - Creating PyAudio interface...
2026-04-20 21:17:19.587 - RealTimeSTT: realtimestt - DEBUG - WebRTC VAD voice activity detection engine initialized successfully
2026-04-20 21:17:19.587 - RealTimeSTT: realtimestt - DEBUG - No device index supplied; using default device 26
2026-04-20 21:17:19.587 - RealTimeSTT: realtimestt - DEBUG - Retrieving highest sample rate for device index 26: {'index': 26, 'structVersion': 2, 'name': 'default', 'hostApi': 0, 'maxInputChannels': 128, 'maxOutputChannels': 128, 'defaultLowInputLatency': 0.008707482993197279, 'defaultLowOutputLatency': 0.008707482993197279, 'defaultHighInputLatency': 0.034829931972789115, 'defaultHighOutputLatency': 0.034829931972789115, 'defaultSampleRate': 44100.0}
2026-04-20 21:17:19.587 - RealTimeSTT: realtimestt - DEBUG - Highest supported sample rate for device index 26 is 44100
2026-04-20 21:17:19.588 - RealTimeSTT: realtimestt - DEBUG - Sample rates to try for device 26: [16000, 44100]
2026-04-20 21:17:19.588 - RealTimeSTT: realtimestt - DEBUG - Attempting to initialize audio stream at 16000 Hz.
2026-04-20 21:17:19.588 - RealTimeSTT: realtimestt - DEBUG - Found 34 total audio devices on the system.
2026-04-20 21:17:19.588 - RealTimeSTT: realtimestt - DEBUG - Available input devices with input channels: [1, 3, 18, 19, 20, 26, 27, 28, 29, 30, 31, 32, 33]
2026-04-20 21:17:19.588 - RealTimeSTT: realtimestt - DEBUG - Validating device index 26 with info: {'index': 26, 'structVersion': 2, 'name': 'default', 'hostApi': 0, 'maxInputChannels': 128, 'maxOutputChannels': 128, 'defaultLowInputLatency': 0.008707482993197279, 'defaultLowOutputLatency': 0.008707482993197279, 'defaultHighInputLatency': 0.034829931972789115, 'defaultHighOutputLatency': 0.034829931972789115, 'defaultSampleRate': 44100.0}
2026-04-20 21:17:19.675 - RealTimeSTT: realtimestt - DEBUG - Device index 26 successfully validated.
2026-04-20 21:17:19.675 - RealTimeSTT: realtimestt - DEBUG - Opening stream with device index 26, sample_rate=16000, chunk_size=1024
2026-04-20 21:17:19.690 - RealTimeSTT: realtimestt - INFO - Microphone connected and validated (device index: 26, sample rate: 16000, chunk size: 1024)
2026-04-20 21:17:19.690 - RealTimeSTT: realtimestt - DEBUG - Audio recording initialized successfully at 16000 Hz, reading 1024 frames at a time
2026-04-20 21:17:20.048 - RealTimeSTT: realtimestt - DEBUG - Silero VAD voice activity detection engine initialized successfully
2026-04-20 21:17:20.048 - RealTimeSTT: realtimestt - DEBUG - Starting realtime worker
2026-04-20 21:17:20.048 - RealTimeSTT: realtimestt - DEBUG - Waiting for main transcription model to start
2026-04-20 21:17:20.141 - RealTimeSTT: realtimestt - DEBUG - _audio_data_worker writing audio data into queue.
2026-04-20 21:17:20.781 - RealTimeSTT: realtimestt - DEBUG - _audio_data_worker writing audio data into queue.
2026-04-20 21:17:21.165 - RealTimeSTT: realtimestt - DEBUG - _audio_data_worker writing audio data into queue.
2026-04-20 21:17:21.805 - RealTimeSTT: realtimestt - DEBUG - _audio_data_worker writing audio data into queue.
2026-04-20 21:17:22.189 - RealTimeSTT: realtimestt - DEBUG - _audio_data_worker writing audio data into queue.
2026-04-20 21:17:22.829 - RealTimeSTT: realtimestt - DEBUG - _audio_data_worker writing audio data into queue.
2026-04-20 21:17:23.213 - RealTimeSTT: realtimestt - DEBUG - _audio_data_worker writing audio data into queue.
2026-04-20 21:17:23.853 - RealTimeSTT: realtimestt - DEBUG - _audio_data_worker writing audio data into queue.
2026-04-20 21:17:24.237 - RealTimeSTT: realtimestt - DEBUG - _audio_data_worker writing audio data into queue.
2026-04-20 21:17:24.877 - RealTimeSTT: realtimestt - DEBUG - _audio_data_worker writing audio data into queue.
2026-04-20 21:17:25.261 - RealTimeSTT: realtimestt - DEBUG - _audio_data_worker writing audio data into queue.
2026-04-20 21:17:25.901 - RealTimeSTT: realtimestt - DEBUG - _audio_data_worker writing audio data into queue.
2026-04-20 21:17:26.285 - RealTimeSTT: realtimestt - DEBUG - _audio_data_worker writing audio data into queue.
2026-04-20 21:17:26.925 - RealTimeSTT: realtimestt - DEBUG - _audio_data_worker writing audio data into queue.
2026-04-20 21:17:27.309 - RealTimeSTT: realtimestt - DEBUG - _audio_data_worker writing audio data into queue.
2026-04-20 21:17:27.949 - RealTimeSTT: realtimestt - DEBUG - _audio_data_worker writing audio data into queue.
2026-04-20 21:17:28.333 - RealTimeSTT: realtimestt - DEBUG - _audio_data_worker writing audio data into queue.
2026-04-20 21:17:28.973 - RealTimeSTT: realtimestt - DEBUG - _audio_data_worker writing audio data into queue.
2026-04-20 21:17:29.357 - RealTimeSTT: realtimestt - DEBUG - _audio_data_worker writing audio data into queue.
2026-04-20 21:17:29.997 - RealTimeSTT: realtimestt - DEBUG - _audio_data_worker writing audio data into queue.
2026-04-20 21:17:30.381 - RealTimeSTT: realtimestt - DEBUG - _audio_data_worker writing audio data into queue.
2026-04-20 21:17:31.021 - RealTimeSTT: realtimestt - DEBUG - _audio_data_worker writing audio data into queue.
2026-04-20 21:17:31.405 - RealTimeSTT: realtimestt - DEBUG - _audio_data_worker writing audio data into queue.
2026-04-20 21:17:32.045 - RealTimeSTT: realtimestt - DEBUG - _audio_data_worker writing audio data into queue.
2026-04-20 21:17:32.056 - RealTimeSTT: realtimestt - DEBUG - Debug: Caught exception in main try block
2026-04-20 21:17:32.429 - RealTimeSTT: realtimestt - DEBUG - _audio_data_worker writing audio data into queue.
2026-04-20 21:17:33.453 - RealTimeSTT: realtimestt - DEBUG - _audio_data_worker writing audio data into queue.
2026-04-20 21:17:34.477 - RealTimeSTT: realtimestt - DEBUG - _audio_data_worker writing audio data into queue.
2026-04-20 21:17:35.501 - RealTimeSTT: realtimestt - DEBUG - _audio_data_worker writing audio data into queue.
2026-04-20 21:17:36.525 - RealTimeSTT: realtimestt - DEBUG - _audio_data_worker writing audio data into queue.
2026-04-20 21:17:37.549 - RealTimeSTT: realtimestt - DEBUG - _audio_data_worker writing audio data into queue.
2026-04-20 21:17:38.573 - RealTimeSTT: realtimestt - DEBUG - _audio_data_worker writing audio data into queue.
2026-04-20 21:17:39.597 - RealTimeSTT: realtimestt - DEBUG - _audio_data_worker writing audio data into queue.
2026-04-20 21:17:40.621 - RealTimeSTT: realtimestt - DEBUG - _audio_data_worker writing audio data into queue.
2026-04-20 21:17:41.645 - RealTimeSTT: realtimestt - DEBUG - _audio_data_worker writing audio data into queue.
2026-04-20 21:17:42.669 - RealTimeSTT: realtimestt - DEBUG - _audio_data_worker writing audio data into queue.
2026-04-20 21:17:43.693 - RealTimeSTT: realtimestt - DEBUG - _audio_data_worker writing audio data into queue.
2026-04-20 21:17:44.717 - RealTimeSTT: realtimestt - DEBUG - _audio_data_worker writing audio data into queue.
2026-04-20 21:17:45.741 - RealTimeSTT: realtimestt - DEBUG - _audio_data_worker writing audio data into queue.
2026-04-20 21:17:46.765 - RealTimeSTT: realtimestt - DEBUG - _audio_data_worker writing audio data into queue.
2026-04-20 21:17:47.789 - RealTimeSTT: realtimestt - DEBUG - _audio_data_worker writing audio data into queue.
2026-04-20 21:17:48.813 - RealTimeSTT: realtimestt - DEBUG - _audio_data_worker writing audio data into queue.
2026-04-20 21:17:49.837 - RealTimeSTT: realtimestt - DEBUG - _audio_data_worker writing audio data into queue.
2026-04-20 21:17:50.861 - RealTimeSTT: realtimestt - DEBUG - _audio_data_worker writing audio data into queue.
2026-04-20 21:17:51.885 - RealTimeSTT: realtimestt - DEBUG - _audio_data_worker writing audio data into queue.
2026-04-20 21:17:52.909 - RealTimeSTT: realtimestt - DEBUG - _audio_data_worker writing audio data into queue.
2026-04-20 21:17:53.933 - RealTimeSTT: realtimestt - DEBUG - _audio_data_worker writing audio data into queue.
2026-04-20 21:17:54.957 - RealTimeSTT: realtimestt - DEBUG - _audio_data_worker writing audio data into queue.
2026-04-20 21:17:55.981 - RealTimeSTT: realtimestt - DEBUG - _audio_data_worker writing audio data into queue.
2026-04-20 21:17:57.005 - RealTimeSTT: realtimestt - DEBUG - _audio_data_worker writing audio data into queue.
2026-04-20 21:17:58.029 - RealTimeSTT: realtimestt - DEBUG - _audio_data_worker writing audio data into queue.
2026-04-20 21:17:59.053 - RealTimeSTT: realtimestt - DEBUG - _audio_data_worker writing audio data into queue.
2026-04-20 21:18:00.077 - RealTimeSTT: realtimestt - DEBUG - _audio_data_worker writing audio data into queue.
2026-04-20 21:18:01.101 - RealTimeSTT: realtimestt - DEBUG - _audio_data_worker writing audio data into queue.
2026-04-20 21:18:02.125 - RealTimeSTT: realtimestt - DEBUG - _audio_data_worker writing audio data into queue.
2026-04-20 21:18:03.149 - RealTimeSTT: realtimestt - DEBUG - _audio_data_worker writing audio data into queue.
2026-04-20 21:18:04.173 - RealTimeSTT: realtimestt - DEBUG - _audio_data_worker writing audio data into queue.
2026-04-20 21:18:05.197 - RealTimeSTT: realtimestt - DEBUG - _audio_data_worker writing audio data into queue.
2026-04-20 21:18:06.221 - RealTimeSTT: realtimestt - DEBUG - _audio_data_worker writing audio data into queue.
2026-04-20 21:18:07.245 - RealTimeSTT: realtimestt - DEBUG - _audio_data_worker writing audio data into queue.
2026-04-20 21:18:08.269 - RealTimeSTT: realtimestt - DEBUG - _audio_data_worker writing audio data into queue.
2026-04-20 21:18:09.293 - RealTimeSTT: realtimestt - DEBUG - _audio_data_worker writing audio data into queue.
2026-04-20 21:18:10.317 - RealTimeSTT: realtimestt - DEBUG - _audio_data_worker writing audio data into queue.
2026-04-20 21:18:11.341 - RealTimeSTT: realtimestt - DEBUG - _audio_data_worker writing audio data into queue.
2026-04-20 21:18:12.034 - RealTimeSTT: realtimestt - INFO - Starting RealTimeSTT
2026-04-20 21:18:12.059 - RealTimeSTT: realtimestt - INFO - Initializing audio recording (creating pyAudio input stream, sample rate: 16000 buffer size: 512
2026-04-20 21:18:12.060 - RealTimeSTT: realtimestt - DEBUG - Starting audio data worker with target_sample_rate=16000, buffer_size=512, input_device_index=None
2026-04-20 21:18:12.060 - RealTimeSTT: realtimestt - INFO - Initializing WebRTC voice with Sensitivity 3
2026-04-20 21:18:12.060 - RealTimeSTT: realtimestt - DEBUG - Creating PyAudio interface...
2026-04-20 21:18:12.060 - RealTimeSTT: realtimestt - DEBUG - WebRTC VAD voice activity detection engine initialized successfully
2026-04-20 21:18:12.060 - RealTimeSTT: realtimestt - DEBUG - No device index supplied; using default device 26
2026-04-20 21:18:12.060 - RealTimeSTT: realtimestt - DEBUG - Retrieving highest sample rate for device index 26: {'index': 26, 'structVersion': 2, 'name': 'default', 'hostApi': 0, 'maxInputChannels': 128, 'maxOutputChannels': 128, 'defaultLowInputLatency': 0.008707482993197279, 'defaultLowOutputLatency': 0.008707482993197279, 'defaultHighInputLatency': 0.034829931972789115, 'defaultHighOutputLatency': 0.034829931972789115, 'defaultSampleRate': 44100.0}
2026-04-20 21:18:12.061 - RealTimeSTT: realtimestt - DEBUG - Highest supported sample rate for device index 26 is 44100
2026-04-20 21:18:12.061 - RealTimeSTT: realtimestt - DEBUG - Sample rates to try for device 26: [16000, 44100]
2026-04-20 21:18:12.061 - RealTimeSTT: realtimestt - DEBUG - Attempting to initialize audio stream at 16000 Hz.
2026-04-20 21:18:12.062 - RealTimeSTT: realtimestt - DEBUG - Found 34 total audio devices on the system.
2026-04-20 21:18:12.062 - RealTimeSTT: realtimestt - DEBUG - Available input devices with input channels: [1, 3, 18, 19, 20, 26, 27, 28, 29, 30, 31, 32, 33]
2026-04-20 21:18:12.062 - RealTimeSTT: realtimestt - DEBUG - Validating device index 26 with info: {'index': 26, 'structVersion': 2, 'name': 'default', 'hostApi': 0, 'maxInputChannels': 128, 'maxOutputChannels': 128, 'defaultLowInputLatency': 0.008707482993197279, 'defaultLowOutputLatency': 0.008707482993197279, 'defaultHighInputLatency': 0.034829931972789115, 'defaultHighOutputLatency': 0.034829931972789115, 'defaultSampleRate': 44100.0}
2026-04-20 21:18:12.154 - RealTimeSTT: realtimestt - DEBUG - Device index 26 successfully validated.
2026-04-20 21:18:12.154 - RealTimeSTT: realtimestt - DEBUG - Opening stream with device index 26, sample_rate=16000, chunk_size=1024
2026-04-20 21:18:12.170 - RealTimeSTT: realtimestt - INFO - Microphone connected and validated (device index: 26, sample rate: 16000, chunk size: 1024)
2026-04-20 21:18:12.170 - RealTimeSTT: realtimestt - DEBUG - Audio recording initialized successfully at 16000 Hz, reading 1024 frames at a time
2026-04-20 21:18:12.365 - RealTimeSTT: realtimestt - DEBUG - _audio_data_worker writing audio data into queue.
2026-04-20 21:18:12.555 - RealTimeSTT: realtimestt - DEBUG - Silero VAD voice activity detection engine initialized successfully
2026-04-20 21:18:12.556 - RealTimeSTT: realtimestt - DEBUG - Starting realtime worker
2026-04-20 21:18:12.556 - RealTimeSTT: realtimestt - DEBUG - Waiting for main transcription model to start
2026-04-20 21:18:13.261 - RealTimeSTT: realtimestt - DEBUG - _audio_data_worker writing audio data into queue.
2026-04-20 21:18:13.389 - RealTimeSTT: realtimestt - DEBUG - _audio_data_worker writing audio data into queue.
2026-04-20 21:18:13.919 - RealTimeSTT: realtimestt - DEBUG - Debug: Caught exception in main try block
2026-04-20 21:18:13.919 - RealTimeSTT: realtimestt - ERROR - Unhandled exeption in _recording_worker: handle is closed
Traceback (most recent call last):
  File "/home/chaos/proyectos/kateto/.venv/lib/python3.13/site-packages/RealtimeSTT/audio_recorder.py", line 1919, in _recording_worker
    data = self.audio_queue.get(timeout=0.01)
  File "/home/chaos/.local/share/uv/python/cpython-3.13.12-linux-x86_64-gnu/lib/python3.13/multiprocessing/queues.py", line 115, in get
    res = self._recv_bytes()
  File "/home/chaos/.local/share/uv/python/cpython-3.13.12-linux-x86_64-gnu/lib/python3.13/multiprocessing/connection.py", line 212, in recv_bytes
    self._check_closed()
    ~~~~~~~~~~~~~~~~~~^^
  File "/home/chaos/.local/share/uv/python/cpython-3.13.12-linux-x86_64-gnu/lib/python3.13/multiprocessing/connection.py", line 137, in _check_closed
    raise OSError("handle is closed")
OSError: handle is closed
2026-04-20 21:18:14.413 - RealTimeSTT: realtimestt - DEBUG - _audio_data_worker writing audio data into queue.
2026-04-20 21:18:15.437 - RealTimeSTT: realtimestt - DEBUG - _audio_data_worker writing audio data into queue.
2026-04-20 21:18:16.461 - RealTimeSTT: realtimestt - DEBUG - _audio_data_worker writing audio data into queue.
2026-04-20 21:18:17.485 - RealTimeSTT: realtimestt - DEBUG - _audio_data_worker writing audio data into queue.
2026-04-20 21:18:18.509 - RealTimeSTT: realtimestt - DEBUG - _audio_data_worker writing audio data into queue.
2026-04-20 21:18:19.533 - RealTimeSTT: realtimestt - DEBUG - _audio_data_worker writing audio data into queue.
2026-04-20 21:18:20.557 - RealTimeSTT: realtimestt - DEBUG - _audio_data_worker writing audio data into queue.
2026-04-20 21:18:21.173 - RealTimeSTT: realtimestt - INFO - Starting RealTimeSTT
2026-04-20 21:18:21.199 - RealTimeSTT: realtimestt - INFO - Initializing audio recording (creating pyAudio input stream, sample rate: 16000 buffer size: 512
2026-04-20 21:18:21.199 - RealTimeSTT: realtimestt - DEBUG - Starting audio data worker with target_sample_rate=16000, buffer_size=512, input_device_index=None
2026-04-20 21:18:21.199 - RealTimeSTT: realtimestt - DEBUG - Creating PyAudio interface...
2026-04-20 21:18:21.199 - RealTimeSTT: realtimestt - DEBUG - No device index supplied; using default device 26
2026-04-20 21:18:21.200 - RealTimeSTT: realtimestt - DEBUG - Retrieving highest sample rate for device index 26: {'index': 26, 'structVersion': 2, 'name': 'default', 'hostApi': 0, 'maxInputChannels': 128, 'maxOutputChannels': 128, 'defaultLowInputLatency': 0.008707482993197279, 'defaultLowOutputLatency': 0.008707482993197279, 'defaultHighInputLatency': 0.034829931972789115, 'defaultHighOutputLatency': 0.034829931972789115, 'defaultSampleRate': 44100.0}
2026-04-20 21:18:21.200 - RealTimeSTT: realtimestt - DEBUG - Highest supported sample rate for device index 26 is 44100
2026-04-20 21:18:21.200 - RealTimeSTT: realtimestt - INFO - Initializing WebRTC voice with Sensitivity 3
2026-04-20 21:18:21.200 - RealTimeSTT: realtimestt - DEBUG - Sample rates to try for device 26: [16000, 44100]
2026-04-20 21:18:21.200 - RealTimeSTT: realtimestt - DEBUG - Attempting to initialize audio stream at 16000 Hz.
2026-04-20 21:18:21.200 - RealTimeSTT: realtimestt - DEBUG - WebRTC VAD voice activity detection engine initialized successfully
2026-04-20 21:18:21.200 - RealTimeSTT: realtimestt - DEBUG - Found 34 total audio devices on the system.
2026-04-20 21:18:21.200 - RealTimeSTT: realtimestt - DEBUG - Available input devices with input channels: [1, 3, 18, 19, 20, 26, 27, 28, 29, 30, 31, 32, 33]
2026-04-20 21:18:21.200 - RealTimeSTT: realtimestt - DEBUG - Validating device index 26 with info: {'index': 26, 'structVersion': 2, 'name': 'default', 'hostApi': 0, 'maxInputChannels': 128, 'maxOutputChannels': 128, 'defaultLowInputLatency': 0.008707482993197279, 'defaultLowOutputLatency': 0.008707482993197279, 'defaultHighInputLatency': 0.034829931972789115, 'defaultHighOutputLatency': 0.034829931972789115, 'defaultSampleRate': 44100.0}
2026-04-20 21:18:21.285 - RealTimeSTT: realtimestt - DEBUG - Device index 26 successfully validated.
2026-04-20 21:18:21.285 - RealTimeSTT: realtimestt - DEBUG - Opening stream with device index 26, sample_rate=16000, chunk_size=1024
2026-04-20 21:18:21.300 - RealTimeSTT: realtimestt - INFO - Microphone connected and validated (device index: 26, sample rate: 16000, chunk size: 1024)
2026-04-20 21:18:21.300 - RealTimeSTT: realtimestt - DEBUG - Audio recording initialized successfully at 16000 Hz, reading 1024 frames at a time
2026-04-20 21:18:21.413 - RealTimeSTT: realtimestt - DEBUG - Silero VAD voice activity detection engine initialized successfully
2026-04-20 21:18:21.414 - RealTimeSTT: realtimestt - DEBUG - Starting realtime worker
2026-04-20 21:18:21.414 - RealTimeSTT: realtimestt - DEBUG - Waiting for main transcription model to start
2026-04-20 21:18:21.581 - RealTimeSTT: realtimestt - DEBUG - _audio_data_worker writing audio data into queue.
2026-04-20 21:18:22.434 - RealTimeSTT: realtimestt - DEBUG - _audio_data_worker writing audio data into queue.
2026-04-20 21:18:22.551 - RealTimeSTT: realtimestt - DEBUG - Debug: Caught exception in main try block
2026-04-20 21:18:22.551 - RealTimeSTT: realtimestt - ERROR - Unhandled exeption in _recording_worker: handle is closed
Traceback (most recent call last):
  File "/home/chaos/proyectos/kateto/.venv/lib/python3.13/site-packages/RealtimeSTT/audio_recorder.py", line 1919, in _recording_worker
    data = self.audio_queue.get(timeout=0.01)
  File "/home/chaos/.local/share/uv/python/cpython-3.13.12-linux-x86_64-gnu/lib/python3.13/multiprocessing/queues.py", line 115, in get
    res = self._recv_bytes()
  File "/home/chaos/.local/share/uv/python/cpython-3.13.12-linux-x86_64-gnu/lib/python3.13/multiprocessing/connection.py", line 212, in recv_bytes
    self._check_closed()
    ~~~~~~~~~~~~~~~~~~^^
  File "/home/chaos/.local/share/uv/python/cpython-3.13.12-linux-x86_64-gnu/lib/python3.13/multiprocessing/connection.py", line 137, in _check_closed
    raise OSError("handle is closed")
OSError: handle is closed
2026-04-20 21:18:22.605 - RealTimeSTT: realtimestt - DEBUG - _audio_data_worker writing audio data into queue.
2026-04-20 21:18:23.629 - RealTimeSTT: realtimestt - DEBUG - _audio_data_worker writing audio data into queue.
2026-04-20 21:18:24.653 - RealTimeSTT: realtimestt - DEBUG - _audio_data_worker writing audio data into queue.
2026-04-20 21:18:25.677 - RealTimeSTT: realtimestt - DEBUG - _audio_data_worker writing audio data into queue.
2026-04-20 21:18:26.701 - RealTimeSTT: realtimestt - DEBUG - _audio_data_worker writing audio data into queue.
2026-04-20 21:18:27.725 - RealTimeSTT: realtimestt - DEBUG - _audio_data_worker writing audio data into queue.
2026-04-20 21:18:28.749 - RealTimeSTT: realtimestt - DEBUG - _audio_data_worker writing audio data into queue.
2026-04-20 21:18:29.773 - RealTimeSTT: realtimestt - DEBUG - _audio_data_worker writing audio data into queue.
2026-04-20 21:18:30.763 - RealTimeSTT: realtimestt - INFO - Starting RealTimeSTT
2026-04-20 21:18:30.788 - RealTimeSTT: realtimestt - INFO - Initializing audio recording (creating pyAudio input stream, sample rate: 16000 buffer size: 512
2026-04-20 21:18:30.788 - RealTimeSTT: realtimestt - DEBUG - Starting audio data worker with target_sample_rate=16000, buffer_size=512, input_device_index=None
2026-04-20 21:18:30.789 - RealTimeSTT: realtimestt - DEBUG - Creating PyAudio interface...
2026-04-20 21:18:30.789 - RealTimeSTT: realtimestt - DEBUG - No device index supplied; using default device 26
2026-04-20 21:18:30.789 - RealTimeSTT: realtimestt - DEBUG - Retrieving highest sample rate for device index 26: {'index': 26, 'structVersion': 2, 'name': 'default', 'hostApi': 0, 'maxInputChannels': 128, 'maxOutputChannels': 128, 'defaultLowInputLatency': 0.008707482993197279, 'defaultLowOutputLatency': 0.008707482993197279, 'defaultHighInputLatency': 0.034829931972789115, 'defaultHighOutputLatency': 0.034829931972789115, 'defaultSampleRate': 44100.0}
2026-04-20 21:18:30.789 - RealTimeSTT: realtimestt - INFO - Initializing WebRTC voice with Sensitivity 3
2026-04-20 21:18:30.789 - RealTimeSTT: realtimestt - DEBUG - Highest supported sample rate for device index 26 is 44100
2026-04-20 21:18:30.789 - RealTimeSTT: realtimestt - DEBUG - WebRTC VAD voice activity detection engine initialized successfully
2026-04-20 21:18:30.790 - RealTimeSTT: realtimestt - DEBUG - Sample rates to try for device 26: [16000, 44100]
2026-04-20 21:18:30.790 - RealTimeSTT: realtimestt - DEBUG - Attempting to initialize audio stream at 16000 Hz.
2026-04-20 21:18:30.791 - RealTimeSTT: realtimestt - DEBUG - Found 34 total audio devices on the system.
2026-04-20 21:18:30.791 - RealTimeSTT: realtimestt - DEBUG - Available input devices with input channels: [1, 3, 18, 19, 20, 26, 27, 28, 29, 30, 31, 32, 33]
2026-04-20 21:18:30.791 - RealTimeSTT: realtimestt - DEBUG - Validating device index 26 with info: {'index': 26, 'structVersion': 2, 'name': 'default', 'hostApi': 0, 'maxInputChannels': 128, 'maxOutputChannels': 128, 'defaultLowInputLatency': 0.008707482993197279, 'defaultLowOutputLatency': 0.008707482993197279, 'defaultHighInputLatency': 0.034829931972789115, 'defaultHighOutputLatency': 0.034829931972789115, 'defaultSampleRate': 44100.0}
2026-04-20 21:18:30.797 - RealTimeSTT: realtimestt - DEBUG - _audio_data_worker writing audio data into queue.
2026-04-20 21:18:30.885 - RealTimeSTT: realtimestt - DEBUG - Device index 26 successfully validated.
2026-04-20 21:18:30.885 - RealTimeSTT: realtimestt - DEBUG - Opening stream with device index 26, sample_rate=16000, chunk_size=1024
2026-04-20 21:18:30.901 - RealTimeSTT: realtimestt - INFO - Microphone connected and validated (device index: 26, sample rate: 16000, chunk size: 1024)
2026-04-20 21:18:30.901 - RealTimeSTT: realtimestt - DEBUG - Audio recording initialized successfully at 16000 Hz, reading 1024 frames at a time
2026-04-20 21:18:31.000 - RealTimeSTT: realtimestt - DEBUG - Silero VAD voice activity detection engine initialized successfully
2026-04-20 21:18:31.001 - RealTimeSTT: realtimestt - DEBUG - Starting realtime worker
2026-04-20 21:18:31.001 - RealTimeSTT: realtimestt - DEBUG - Waiting for main transcription model to start
2026-04-20 21:18:31.527 - RealTimeSTT: realtimestt - DEBUG - Debug: Caught exception in main try block
2026-04-20 21:18:31.527 - RealTimeSTT: realtimestt - ERROR - Unhandled exeption in _recording_worker: handle is closed
Traceback (most recent call last):
  File "/home/chaos/proyectos/kateto/.venv/lib/python3.13/site-packages/RealtimeSTT/audio_recorder.py", line 1919, in _recording_worker
    data = self.audio_queue.get(timeout=0.01)
  File "/home/chaos/.local/share/uv/python/cpython-3.13.12-linux-x86_64-gnu/lib/python3.13/multiprocessing/queues.py", line 115, in get
    res = self._recv_bytes()
  File "/home/chaos/.local/share/uv/python/cpython-3.13.12-linux-x86_64-gnu/lib/python3.13/multiprocessing/connection.py", line 212, in recv_bytes
    self._check_closed()
    ~~~~~~~~~~~~~~~~~~^^
  File "/home/chaos/.local/share/uv/python/cpython-3.13.12-linux-x86_64-gnu/lib/python3.13/multiprocessing/connection.py", line 137, in _check_closed
    raise OSError("handle is closed")
OSError: handle is closed
2026-04-20 21:18:31.821 - RealTimeSTT: realtimestt - DEBUG - _audio_data_worker writing audio data into queue.
2026-04-20 21:18:32.845 - RealTimeSTT: realtimestt - DEBUG - _audio_data_worker writing audio data into queue.
2026-04-20 21:18:33.869 - RealTimeSTT: realtimestt - DEBUG - _audio_data_worker writing audio data into queue.
2026-04-20 21:18:34.893 - RealTimeSTT: realtimestt - DEBUG - _audio_data_worker writing audio data into queue.
2026-04-20 21:18:35.917 - RealTimeSTT: realtimestt - DEBUG - _audio_data_worker writing audio data into queue.
2026-04-20 21:18:36.941 - RealTimeSTT: realtimestt - DEBUG - _audio_data_worker writing audio data into queue.
2026-04-20 21:18:37.965 - RealTimeSTT: realtimestt - DEBUG - _audio_data_worker writing audio data into queue.
2026-04-20 21:18:38.989 - RealTimeSTT: realtimestt - DEBUG - _audio_data_worker writing audio data into queue.
2026-04-20 21:18:40.013 - RealTimeSTT: realtimestt - DEBUG - _audio_data_worker writing audio data into queue.
2026-04-20 21:18:41.037 - RealTimeSTT: realtimestt - DEBUG - _audio_data_worker writing audio data into queue.
2026-04-20 21:18:42.061 - RealTimeSTT: realtimestt - DEBUG - _audio_data_worker writing audio data into queue.
2026-04-20 21:18:43.085 - RealTimeSTT: realtimestt - DEBUG - _audio_data_worker writing audio data into queue.
2026-04-20 21:18:44.109 - RealTimeSTT: realtimestt - DEBUG - _audio_data_worker writing audio data into queue.
2026-04-20 21:18:45.133 - RealTimeSTT: realtimestt - DEBUG - _audio_data_worker writing audio data into queue.
2026-04-20 21:18:46.157 - RealTimeSTT: realtimestt - DEBUG - _audio_data_worker writing audio data into queue.
2026-04-20 21:18:47.181 - RealTimeSTT: realtimestt - DEBUG - _audio_data_worker writing audio data into queue.
2026-04-20 21:18:48.205 - RealTimeSTT: realtimestt - DEBUG - _audio_data_worker writing audio data into queue.
2026-04-20 21:18:49.229 - RealTimeSTT: realtimestt - DEBUG - _audio_data_worker writing audio data into queue.
2026-04-20 21:18:50.253 - RealTimeSTT: realtimestt - DEBUG - _audio_data_worker writing audio data into queue.
2026-04-20 21:18:51.277 - RealTimeSTT: realtimestt - DEBUG - _audio_data_worker writing audio data into queue.
2026-04-20 21:18:52.301 - RealTimeSTT: realtimestt - DEBUG - _audio_data_worker writing audio data into queue.
2026-04-20 21:18:53.325 - RealTimeSTT: realtimestt - DEBUG - _audio_data_worker writing audio data into queue.
2026-04-20 21:18:54.349 - RealTimeSTT: realtimestt - DEBUG - _audio_data_worker writing audio data into queue.
2026-04-20 21:18:55.373 - RealTimeSTT: realtimestt - DEBUG - _audio_data_worker writing audio data into queue.
2026-04-20 21:18:56.397 - RealTimeSTT: realtimestt - DEBUG - _audio_data_worker writing audio data into queue.
2026-04-20 21:18:57.421 - RealTimeSTT: realtimestt - DEBUG - _audio_data_worker writing audio data into queue.
2026-04-20 21:18:58.445 - RealTimeSTT: realtimestt - DEBUG - _audio_data_worker writing audio data into queue.
2026-04-20 21:18:59.468 - RealTimeSTT: realtimestt - DEBUG - _audio_data_worker writing audio data into queue.
2026-04-20 21:19:00.493 - RealTimeSTT: realtimestt - DEBUG - _audio_data_worker writing audio data into queue.
2026-04-20 21:19:01.516 - RealTimeSTT: realtimestt - DEBUG - _audio_data_worker writing audio data into queue.
2026-04-20 21:19:02.540 - RealTimeSTT: realtimestt - DEBUG - _audio_data_worker writing audio data into queue.
2026-04-20 21:19:03.564 - RealTimeSTT: realtimestt - DEBUG - _audio_data_worker writing audio data into queue.
2026-04-20 21:19:04.588 - RealTimeSTT: realtimestt - DEBUG - _audio_data_worker writing audio data into queue.
2026-04-20 21:19:05.612 - RealTimeSTT: realtimestt - DEBUG - _audio_data_worker writing audio data into queue.
2026-04-20 21:19:06.636 - RealTimeSTT: realtimestt - DEBUG - _audio_data_worker writing audio data into queue.
2026-04-20 21:19:07.660 - RealTimeSTT: realtimestt - DEBUG - _audio_data_worker writing audio data into queue.
2026-04-20 21:19:08.684 - RealTimeSTT: realtimestt - DEBUG - _audio_data_worker writing audio data into queue.
2026-04-20 21:19:09.708 - RealTimeSTT: realtimestt - DEBUG - _audio_data_worker writing audio data into queue.
2026-04-20 21:19:10.732 - RealTimeSTT: realtimestt - DEBUG - _audio_data_worker writing audio data into queue.
2026-04-20 21:19:11.756 - RealTimeSTT: realtimestt - DEBUG - _audio_data_worker writing audio data into queue.
2026-04-20 21:19:12.780 - RealTimeSTT: realtimestt - DEBUG - _audio_data_worker writing audio data into queue.
2026-04-20 21:19:13.804 - RealTimeSTT: realtimestt - DEBUG - _audio_data_worker writing audio data into queue.
2026-04-20 21:19:14.828 - RealTimeSTT: realtimestt - DEBUG - _audio_data_worker writing audio data into queue.
2026-04-20 21:19:15.852 - RealTimeSTT: realtimestt - DEBUG - _audio_data_worker writing audio data into queue.
2026-04-20 21:19:16.876 - RealTimeSTT: realtimestt - DEBUG - _audio_data_worker writing audio data into queue.
2026-04-20 21:19:17.900 - RealTimeSTT: realtimestt - DEBUG - _audio_data_worker writing audio data into queue.
2026-04-20 21:19:18.924 - RealTimeSTT: realtimestt - DEBUG - _audio_data_worker writing audio data into queue.
2026-04-20 21:19:19.948 - RealTimeSTT: realtimestt - DEBUG - _audio_data_worker writing audio data into queue.
2026-04-20 21:19:20.972 - RealTimeSTT: realtimestt - DEBUG - _audio_data_worker writing audio data into queue.
2026-04-20 21:19:21.996 - RealTimeSTT: realtimestt - DEBUG - _audio_data_worker writing audio data into queue.
2026-04-20 21:19:23.020 - RealTimeSTT: realtimestt - DEBUG - _audio_data_worker writing audio data into queue.
2026-04-20 21:19:24.044 - RealTimeSTT: realtimestt - DEBUG - _audio_data_worker writing audio data into queue.
2026-04-20 21:19:25.068 - RealTimeSTT: realtimestt - DEBUG - _audio_data_worker writing audio data into queue.
2026-04-20 21:19:26.092 - RealTimeSTT: realtimestt - DEBUG - _audio_data_worker writing audio data into queue.
2026-04-20 21:19:27.116 - RealTimeSTT: realtimestt - DEBUG - _audio_data_worker writing audio data into queue.
2026-04-20 21:19:28.140 - RealTimeSTT: realtimestt - DEBUG - _audio_data_worker writing audio data into queue.
2026-04-20 21:19:29.164 - RealTimeSTT: realtimestt - DEBUG - _audio_data_worker writing audio data into queue.
2026-04-20 21:19:30.188 - RealTimeSTT: realtimestt - DEBUG - _audio_data_worker writing audio data into queue.
2026-04-20 21:19:31.212 - RealTimeSTT: realtimestt - DEBUG - _audio_data_worker writing audio data into queue.
2026-04-20 21:19:32.236 - RealTimeSTT: realtimestt - DEBUG - _audio_data_worker writing audio data into queue.
2026-04-20 21:19:33.260 - RealTimeSTT: realtimestt - DEBUG - _audio_data_worker writing audio data into queue.
2026-04-20 21:19:34.284 - RealTimeSTT: realtimestt - DEBUG - _audio_data_worker writing audio data into queue.
2026-04-20 21:19:35.308 - RealTimeSTT: realtimestt - DEBUG - _audio_data_worker writing audio data into queue.
2026-04-20 21:19:36.332 - RealTimeSTT: realtimestt - DEBUG - _audio_data_worker writing audio data into queue.
2026-04-20 21:19:37.356 - RealTimeSTT: realtimestt - DEBUG - _audio_data_worker writing audio data into queue.
2026-04-20 21:19:38.380 - RealTimeSTT: realtimestt - DEBUG - _audio_data_worker writing audio data into queue.
2026-04-20 21:19:39.404 - RealTimeSTT: realtimestt - DEBUG - _audio_data_worker writing audio data into queue.
2026-04-20 21:19:40.428 - RealTimeSTT: realtimestt - DEBUG - _audio_data_worker writing audio data into queue.
2026-04-20 21:19:41.452 - RealTimeSTT: realtimestt - DEBUG - _audio_data_worker writing audio data into queue.
2026-04-20 21:19:42.476 - RealTimeSTT: realtimestt - DEBUG - _audio_data_worker writing audio data into queue.
2026-04-20 21:19:43.500 - RealTimeSTT: realtimestt - DEBUG - _audio_data_worker writing audio data into queue.
2026-04-20 21:19:44.524 - RealTimeSTT: realtimestt - DEBUG - _audio_data_worker writing audio data into queue.
2026-04-20 21:19:45.548 - RealTimeSTT: realtimestt - DEBUG - _audio_data_worker writing audio data into queue.
2026-04-20 21:19:46.572 - RealTimeSTT: realtimestt - DEBUG - _audio_data_worker writing audio data into queue.
2026-04-20 21:19:47.596 - RealTimeSTT: realtimestt - DEBUG - _audio_data_worker writing audio data into queue.
2026-04-20 21:19:48.620 - RealTimeSTT: realtimestt - DEBUG - _audio_data_worker writing audio data into queue.
2026-04-20 21:19:49.644 - RealTimeSTT: realtimestt - DEBUG - _audio_data_worker writing audio data into queue.
2026-04-20 21:19:50.668 - RealTimeSTT: realtimestt - DEBUG - _audio_data_worker writing audio data into queue.
2026-04-20 21:19:51.692 - RealTimeSTT: realtimestt - DEBUG - _audio_data_worker writing audio data into queue.
2026-04-20 21:19:52.716 - RealTimeSTT: realtimestt - DEBUG - _audio_data_worker writing audio data into queue.
2026-04-20 21:19:53.740 - RealTimeSTT: realtimestt - DEBUG - _audio_data_worker writing audio data into queue.
2026-04-20 21:19:54.764 - RealTimeSTT: realtimestt - DEBUG - _audio_data_worker writing audio data into queue.
2026-04-20 21:19:55.788 - RealTimeSTT: realtimestt - DEBUG - _audio_data_worker writing audio data into queue.
2026-04-20 21:19:56.812 - RealTimeSTT: realtimestt - DEBUG - _audio_data_worker writing audio data into queue.
2026-04-20 21:19:57.836 - RealTimeSTT: realtimestt - DEBUG - _audio_data_worker writing audio data into queue.
2026-04-20 21:19:58.860 - RealTimeSTT: realtimestt - DEBUG - _audio_data_worker writing audio data into queue.
2026-04-20 21:19:59.884 - RealTimeSTT: realtimestt - DEBUG - _audio_data_worker writing audio data into queue.
2026-04-20 21:20:00.908 - RealTimeSTT: realtimestt - DEBUG - _audio_data_worker writing audio data into queue.
2026-04-20 21:20:01.932 - RealTimeSTT: realtimestt - DEBUG - _audio_data_worker writing audio data into queue.
2026-04-20 21:20:02.956 - RealTimeSTT: realtimestt - DEBUG - _audio_data_worker writing audio data into queue.
2026-04-20 21:20:03.980 - RealTimeSTT: realtimestt - DEBUG - _audio_data_worker writing audio data into queue.
2026-04-20 21:20:05.004 - RealTimeSTT: realtimestt - DEBUG - _audio_data_worker writing audio data into queue.
2026-04-20 21:20:06.028 - RealTimeSTT: realtimestt - DEBUG - _audio_data_worker writing audio data into queue.
2026-04-20 21:20:07.052 - RealTimeSTT: realtimestt - DEBUG - _audio_data_worker writing audio data into queue.
2026-04-20 21:20:08.076 - RealTimeSTT: realtimestt - DEBUG - _audio_data_worker writing audio data into queue.
2026-04-20 21:20:09.100 - RealTimeSTT: realtimestt - DEBUG - _audio_data_worker writing audio data into queue.
2026-04-20 21:20:10.124 - RealTimeSTT: realtimestt - DEBUG - _audio_data_worker writing audio data into queue.
2026-04-20 21:20:11.148 - RealTimeSTT: realtimestt - DEBUG - _audio_data_worker writing audio data into queue.
2026-04-20 21:20:12.172 - RealTimeSTT: realtimestt - DEBUG - _audio_data_worker writing audio data into queue.
2026-04-20 21:20:13.196 - RealTimeSTT: realtimestt - DEBUG - _audio_data_worker writing audio data into queue.
2026-04-20 21:20:14.220 - RealTimeSTT: realtimestt - DEBUG - _audio_data_worker writing audio data into queue.
2026-04-20 21:20:15.244 - RealTimeSTT: realtimestt - DEBUG - _audio_data_worker writing audio data into queue.
2026-04-20 21:20:16.268 - RealTimeSTT: realtimestt - DEBUG - _audio_data_worker writing audio data into queue.
2026-04-20 21:20:17.292 - RealTimeSTT: realtimestt - DEBUG - _audio_data_worker writing audio data into queue.
2026-04-20 21:20:18.316 - RealTimeSTT: realtimestt - DEBUG - _audio_data_worker writing audio data into queue.
2026-04-20 21:20:19.340 - RealTimeSTT: realtimestt - DEBUG - _audio_data_worker writing audio data into queue.
2026-04-20 21:20:20.364 - RealTimeSTT: realtimestt - DEBUG - _audio_data_worker writing audio data into queue.
2026-04-20 21:20:21.388 - RealTimeSTT: realtimestt - DEBUG - _audio_data_worker writing audio data into queue.
2026-04-20 21:20:22.412 - RealTimeSTT: realtimestt - DEBUG - _audio_data_worker writing audio data into queue.
2026-04-20 21:20:23.436 - RealTimeSTT: realtimestt - DEBUG - _audio_data_worker writing audio data into queue.
2026-04-20 21:20:24.460 - RealTimeSTT: realtimestt - DEBUG - _audio_data_worker writing audio data into queue.
2026-04-20 21:20:25.484 - RealTimeSTT: realtimestt - DEBUG - _audio_data_worker writing audio data into queue.
2026-04-20 21:20:26.508 - RealTimeSTT: realtimestt - DEBUG - _audio_data_worker writing audio data into queue.
2026-04-20 21:20:27.532 - RealTimeSTT: realtimestt - DEBUG - _audio_data_worker writing audio data into queue.
2026-04-20 21:20:28.556 - RealTimeSTT: realtimestt - DEBUG - _audio_data_worker writing audio data into queue.
2026-04-20 21:20:29.580 - RealTimeSTT: realtimestt - DEBUG - _audio_data_worker writing audio data into queue.
2026-04-20 21:20:30.604 - RealTimeSTT: realtimestt - DEBUG - _audio_data_worker writing audio data into queue.
2026-04-20 21:20:31.628 - RealTimeSTT: realtimestt - DEBUG - _audio_data_worker writing audio data into queue.
2026-04-20 21:20:32.652 - RealTimeSTT: realtimestt - DEBUG - _audio_data_worker writing audio data into queue.
2026-04-20 21:20:33.676 - RealTimeSTT: realtimestt - DEBUG - _audio_data_worker writing audio data into queue.
2026-04-20 21:20:34.700 - RealTimeSTT: realtimestt - DEBUG - _audio_data_worker writing audio data into queue.
2026-04-20 21:20:35.724 - RealTimeSTT: realtimestt - DEBUG - _audio_data_worker writing audio data into queue.
2026-04-20 21:20:36.748 - RealTimeSTT: realtimestt - DEBUG - _audio_data_worker writing audio data into queue.
2026-04-20 21:20:37.772 - RealTimeSTT: realtimestt - DEBUG - _audio_data_worker writing audio data into queue.
2026-04-20 21:20:38.796 - RealTimeSTT: realtimestt - DEBUG - _audio_data_worker writing audio data into queue.
2026-04-20 21:20:39.820 - RealTimeSTT: realtimestt - DEBUG - _audio_data_worker writing audio data into queue.
2026-04-20 21:20:40.844 - RealTimeSTT: realtimestt - DEBUG - _audio_data_worker writing audio data into queue.
2026-04-20 21:20:41.868 - RealTimeSTT: realtimestt - DEBUG - _audio_data_worker writing audio data into queue.
2026-04-20 21:20:42.891 - RealTimeSTT: realtimestt - DEBUG - _audio_data_worker writing audio data into queue.
2026-04-20 21:20:43.915 - RealTimeSTT: realtimestt - DEBUG - _audio_data_worker writing audio data into queue.
2026-04-20 21:20:44.939 - RealTimeSTT: realtimestt - DEBUG - _audio_data_worker writing audio data into queue.
2026-04-20 21:20:45.963 - RealTimeSTT: realtimestt - DEBUG - _audio_data_worker writing audio data into queue.
2026-04-20 21:20:46.987 - RealTimeSTT: realtimestt - DEBUG - _audio_data_worker writing audio data into queue.
2026-04-20 21:20:48.011 - RealTimeSTT: realtimestt - DEBUG - _audio_data_worker writing audio data into queue.
2026-04-20 21:20:49.035 - RealTimeSTT: realtimestt - DEBUG - _audio_data_worker writing audio data into queue.
2026-04-20 21:20:50.059 - RealTimeSTT: realtimestt - DEBUG - _audio_data_worker writing audio data into queue.
2026-04-20 21:20:51.083 - RealTimeSTT: realtimestt - DEBUG - _audio_data_worker writing audio data into queue.
2026-04-20 21:20:52.107 - RealTimeSTT: realtimestt - DEBUG - _audio_data_worker writing audio data into queue.
2026-04-20 21:20:53.131 - RealTimeSTT: realtimestt - DEBUG - _audio_data_worker writing audio data into queue.
2026-04-20 21:20:54.155 - RealTimeSTT: realtimestt - DEBUG - _audio_data_worker writing audio data into queue.
2026-04-20 21:20:55.179 - RealTimeSTT: realtimestt - DEBUG - _audio_data_worker writing audio data into queue.
2026-04-20 21:20:56.203 - RealTimeSTT: realtimestt - DEBUG - _audio_data_worker writing audio data into queue.
2026-04-20 21:20:57.227 - RealTimeSTT: realtimestt - DEBUG - _audio_data_worker writing audio data into queue.
2026-04-20 21:20:58.251 - RealTimeSTT: realtimestt - DEBUG - _audio_data_worker writing audio data into queue.
2026-04-20 21:20:59.275 - RealTimeSTT: realtimestt - DEBUG - _audio_data_worker writing audio data into queue.
2026-04-20 21:21:00.299 - RealTimeSTT: realtimestt - DEBUG - _audio_data_worker writing audio data into queue.
2026-04-20 21:21:01.323 - RealTimeSTT: realtimestt - DEBUG - _audio_data_worker writing audio data into queue.
2026-04-20 21:21:02.347 - RealTimeSTT: realtimestt - DEBUG - _audio_data_worker writing audio data into queue.
2026-04-20 21:21:03.371 - RealTimeSTT: realtimestt - DEBUG - _audio_data_worker writing audio data into queue.
2026-04-20 21:21:04.395 - RealTimeSTT: realtimestt - DEBUG - _audio_data_worker writing audio data into queue.
2026-04-20 21:21:05.419 - RealTimeSTT: realtimestt - DEBUG - _audio_data_worker writing audio data into queue.
2026-04-20 21:21:06.443 - RealTimeSTT: realtimestt - DEBUG - _audio_data_worker writing audio data into queue.
2026-04-20 21:21:07.467 - RealTimeSTT: realtimestt - DEBUG - _audio_data_worker writing audio data into queue.
2026-04-20 21:21:08.491 - RealTimeSTT: realtimestt - DEBUG - _audio_data_worker writing audio data into queue.
2026-04-20 21:21:09.515 - RealTimeSTT: realtimestt - DEBUG - _audio_data_worker writing audio data into queue.
2026-04-20 21:21:10.539 - RealTimeSTT: realtimestt - DEBUG - _audio_data_worker writing audio data into queue.
2026-04-20 21:21:11.563 - RealTimeSTT: realtimestt - DEBUG - _audio_data_worker writing audio data into queue.
2026-04-20 21:21:12.587 - RealTimeSTT: realtimestt - DEBUG - _audio_data_worker writing audio data into queue.
2026-04-20 21:21:13.611 - RealTimeSTT: realtimestt - DEBUG - _audio_data_worker writing audio data into queue.
2026-04-20 21:21:14.635 - RealTimeSTT: realtimestt - DEBUG - _audio_data_worker writing audio data into queue.
2026-04-20 21:21:15.659 - RealTimeSTT: realtimestt - DEBUG - _audio_data_worker writing audio data into queue.
2026-04-20 21:21:16.683 - RealTimeSTT: realtimestt - DEBUG - _audio_data_worker writing audio data into queue.
2026-04-20 21:21:17.707 - RealTimeSTT: realtimestt - DEBUG - _audio_data_worker writing audio data into queue.
2026-04-20 21:21:18.731 - RealTimeSTT: realtimestt - DEBUG - _audio_data_worker writing audio data into queue.
2026-04-20 21:21:19.755 - RealTimeSTT: realtimestt - DEBUG - _audio_data_worker writing audio data into queue.
2026-04-20 21:21:20.779 - RealTimeSTT: realtimestt - DEBUG - _audio_data_worker writing audio data into queue.
2026-04-20 21:21:21.803 - RealTimeSTT: realtimestt - DEBUG - _audio_data_worker writing audio data into queue.
2026-04-20 21:21:56.543 - RealTimeSTT: realtimestt - INFO - Starting RealTimeSTT
2026-04-20 21:21:56.568 - RealTimeSTT: realtimestt - INFO - Initializing audio recording (creating pyAudio input stream, sample rate: 16000 buffer size: 512
2026-04-20 21:21:56.569 - RealTimeSTT: realtimestt - DEBUG - Starting audio data worker with target_sample_rate=16000, buffer_size=512, input_device_index=None
2026-04-20 21:21:56.569 - RealTimeSTT: realtimestt - INFO - Initializing WebRTC voice with Sensitivity 3
2026-04-20 21:21:56.569 - RealTimeSTT: realtimestt - DEBUG - Creating PyAudio interface...
2026-04-20 21:21:56.569 - RealTimeSTT: realtimestt - DEBUG - WebRTC VAD voice activity detection engine initialized successfully
2026-04-20 21:21:56.569 - RealTimeSTT: realtimestt - DEBUG - No device index supplied; using default device 26
2026-04-20 21:21:56.570 - RealTimeSTT: realtimestt - DEBUG - Retrieving highest sample rate for device index 26: {'index': 26, 'structVersion': 2, 'name': 'default', 'hostApi': 0, 'maxInputChannels': 128, 'maxOutputChannels': 128, 'defaultLowInputLatency': 0.008707482993197279, 'defaultLowOutputLatency': 0.008707482993197279, 'defaultHighInputLatency': 0.034829931972789115, 'defaultHighOutputLatency': 0.034829931972789115, 'defaultSampleRate': 44100.0}
2026-04-20 21:21:56.571 - RealTimeSTT: realtimestt - DEBUG - Highest supported sample rate for device index 26 is 44100
2026-04-20 21:21:56.571 - RealTimeSTT: realtimestt - DEBUG - Sample rates to try for device 26: [16000, 44100]
2026-04-20 21:21:56.571 - RealTimeSTT: realtimestt - DEBUG - Attempting to initialize audio stream at 16000 Hz.
2026-04-20 21:21:56.571 - RealTimeSTT: realtimestt - DEBUG - Found 33 total audio devices on the system.
2026-04-20 21:21:56.571 - RealTimeSTT: realtimestt - DEBUG - Available input devices with input channels: [0, 1, 3, 10, 14, 15, 16, 17, 18, 19, 20, 22, 23, 24, 26, 27, 28, 29, 30, 31, 32]
2026-04-20 21:21:56.571 - RealTimeSTT: realtimestt - DEBUG - Validating device index 26 with info: {'index': 26, 'structVersion': 2, 'name': 'default', 'hostApi': 0, 'maxInputChannels': 128, 'maxOutputChannels': 128, 'defaultLowInputLatency': 0.008707482993197279, 'defaultLowOutputLatency': 0.008707482993197279, 'defaultHighInputLatency': 0.034829931972789115, 'defaultHighOutputLatency': 0.034829931972789115, 'defaultSampleRate': 44100.0}
2026-04-20 21:21:56.677 - RealTimeSTT: realtimestt - DEBUG - Device index 26 successfully validated.
2026-04-20 21:21:56.677 - RealTimeSTT: realtimestt - DEBUG - Opening stream with device index 26, sample_rate=16000, chunk_size=1024
2026-04-20 21:21:56.692 - RealTimeSTT: realtimestt - INFO - Microphone connected and validated (device index: 26, sample rate: 16000, chunk size: 1024)
2026-04-20 21:21:56.692 - RealTimeSTT: realtimestt - DEBUG - Audio recording initialized successfully at 16000 Hz, reading 1024 frames at a time
2026-04-20 21:21:57.039 - RealTimeSTT: realtimestt - DEBUG - Silero VAD voice activity detection engine initialized successfully
2026-04-20 21:21:57.040 - RealTimeSTT: realtimestt - DEBUG - Starting realtime worker
2026-04-20 21:21:57.040 - RealTimeSTT: realtimestt - DEBUG - Waiting for main transcription model to start
2026-04-20 21:21:57.793 - RealTimeSTT: realtimestt - DEBUG - _audio_data_worker writing audio data into queue.
2026-04-20 21:21:58.820 - RealTimeSTT: realtimestt - DEBUG - _audio_data_worker writing audio data into queue.
2026-04-20 21:21:59.844 - RealTimeSTT: realtimestt - DEBUG - _audio_data_worker writing audio data into queue.
2026-04-20 21:22:00.867 - RealTimeSTT: realtimestt - DEBUG - _audio_data_worker writing audio data into queue.
2026-04-20 21:22:01.890 - RealTimeSTT: realtimestt - DEBUG - _audio_data_worker writing audio data into queue.
2026-04-20 21:22:02.469 - RealTimeSTT: realtimestt - DEBUG - Debug: Caught exception in main try block
2026-04-20 21:22:15.378 - RealTimeSTT: realtimestt - INFO - Starting RealTimeSTT
2026-04-20 21:22:15.404 - RealTimeSTT: realtimestt - INFO - Initializing audio recording (creating pyAudio input stream, sample rate: 16000 buffer size: 512
2026-04-20 21:22:15.404 - RealTimeSTT: realtimestt - DEBUG - Starting audio data worker with target_sample_rate=16000, buffer_size=512, input_device_index=None
2026-04-20 21:22:15.404 - RealTimeSTT: realtimestt - DEBUG - Creating PyAudio interface...
2026-04-20 21:22:15.404 - RealTimeSTT: realtimestt - DEBUG - No device index supplied; using default device 26
2026-04-20 21:22:15.404 - RealTimeSTT: realtimestt - DEBUG - Retrieving highest sample rate for device index 26: {'index': 26, 'structVersion': 2, 'name': 'default', 'hostApi': 0, 'maxInputChannels': 128, 'maxOutputChannels': 128, 'defaultLowInputLatency': 0.008707482993197279, 'defaultLowOutputLatency': 0.008707482993197279, 'defaultHighInputLatency': 0.034829931972789115, 'defaultHighOutputLatency': 0.034829931972789115, 'defaultSampleRate': 44100.0}
2026-04-20 21:22:15.404 - RealTimeSTT: realtimestt - DEBUG - Highest supported sample rate for device index 26 is 44100
2026-04-20 21:22:15.404 - RealTimeSTT: realtimestt - INFO - Initializing WebRTC voice with Sensitivity 3
2026-04-20 21:22:15.404 - RealTimeSTT: realtimestt - DEBUG - Sample rates to try for device 26: [16000, 44100]
2026-04-20 21:22:15.405 - RealTimeSTT: realtimestt - DEBUG - WebRTC VAD voice activity detection engine initialized successfully
2026-04-20 21:22:15.405 - RealTimeSTT: realtimestt - DEBUG - Attempting to initialize audio stream at 16000 Hz.
2026-04-20 21:22:15.406 - RealTimeSTT: realtimestt - DEBUG - Found 33 total audio devices on the system.
2026-04-20 21:22:15.406 - RealTimeSTT: realtimestt - DEBUG - Available input devices with input channels: [0, 1, 3, 10, 14, 15, 16, 17, 18, 19, 20, 22, 23, 24, 26, 27, 28, 29, 30, 31, 32]
2026-04-20 21:22:15.406 - RealTimeSTT: realtimestt - DEBUG - Validating device index 26 with info: {'index': 26, 'structVersion': 2, 'name': 'default', 'hostApi': 0, 'maxInputChannels': 128, 'maxOutputChannels': 128, 'defaultLowInputLatency': 0.008707482993197279, 'defaultLowOutputLatency': 0.008707482993197279, 'defaultHighInputLatency': 0.034829931972789115, 'defaultHighOutputLatency': 0.034829931972789115, 'defaultSampleRate': 44100.0}
2026-04-20 21:22:15.513 - RealTimeSTT: realtimestt - DEBUG - Device index 26 successfully validated.
2026-04-20 21:22:15.513 - RealTimeSTT: realtimestt - DEBUG - Opening stream with device index 26, sample_rate=16000, chunk_size=1024
2026-04-20 21:22:15.526 - RealTimeSTT: realtimestt - INFO - Microphone connected and validated (device index: 26, sample rate: 16000, chunk size: 1024)
2026-04-20 21:22:15.526 - RealTimeSTT: realtimestt - DEBUG - Audio recording initialized successfully at 16000 Hz, reading 1024 frames at a time
2026-04-20 21:22:15.611 - RealTimeSTT: realtimestt - DEBUG - Silero VAD voice activity detection engine initialized successfully
2026-04-20 21:22:15.611 - RealTimeSTT: realtimestt - DEBUG - Starting realtime worker
2026-04-20 21:22:15.611 - RealTimeSTT: realtimestt - DEBUG - Waiting for main transcription model to start
2026-04-20 21:22:16.630 - RealTimeSTT: realtimestt - DEBUG - _audio_data_worker writing audio data into queue.
2026-04-20 21:22:17.657 - RealTimeSTT: realtimestt - DEBUG - _audio_data_worker writing audio data into queue.
2026-04-20 21:22:18.680 - RealTimeSTT: realtimestt - DEBUG - _audio_data_worker writing audio data into queue.
2026-04-20 21:22:19.703 - RealTimeSTT: realtimestt - DEBUG - _audio_data_worker writing audio data into queue.
2026-04-20 21:22:20.727 - RealTimeSTT: realtimestt - DEBUG - _audio_data_worker writing audio data into queue.
2026-04-20 21:22:21.750 - RealTimeSTT: realtimestt - DEBUG - _audio_data_worker writing audio data into queue.
2026-04-20 21:22:22.774 - RealTimeSTT: realtimestt - DEBUG - _audio_data_worker writing audio data into queue.
2026-04-20 21:22:23.798 - RealTimeSTT: realtimestt - DEBUG - _audio_data_worker writing audio data into queue.
2026-04-20 21:22:24.822 - RealTimeSTT: realtimestt - DEBUG - _audio_data_worker writing audio data into queue.
2026-04-20 21:22:25.846 - RealTimeSTT: realtimestt - DEBUG - _audio_data_worker writing audio data into queue.
2026-04-20 21:22:26.870 - RealTimeSTT: realtimestt - DEBUG - _audio_data_worker writing audio data into queue.
2026-04-20 21:22:27.894 - RealTimeSTT: realtimestt - DEBUG - _audio_data_worker writing audio data into queue.
2026-04-20 21:22:28.918 - RealTimeSTT: realtimestt - DEBUG - _audio_data_worker writing audio data into queue.
2026-04-20 21:22:29.942 - RealTimeSTT: realtimestt - DEBUG - _audio_data_worker writing audio data into queue.
2026-04-20 21:22:30.966 - RealTimeSTT: realtimestt - DEBUG - _audio_data_worker writing audio data into queue.
2026-04-20 21:22:31.990 - RealTimeSTT: realtimestt - DEBUG - _audio_data_worker writing audio data into queue.
2026-04-20 21:22:33.014 - RealTimeSTT: realtimestt - DEBUG - _audio_data_worker writing audio data into queue.
2026-04-20 21:22:34.038 - RealTimeSTT: realtimestt - DEBUG - _audio_data_worker writing audio data into queue.
2026-04-20 21:22:35.062 - RealTimeSTT: realtimestt - DEBUG - _audio_data_worker writing audio data into queue.
2026-04-20 21:22:36.086 - RealTimeSTT: realtimestt - DEBUG - _audio_data_worker writing audio data into queue.
2026-04-20 21:22:37.110 - RealTimeSTT: realtimestt - DEBUG - _audio_data_worker writing audio data into queue.
2026-04-20 21:22:38.134 - RealTimeSTT: realtimestt - DEBUG - _audio_data_worker writing audio data into queue.
2026-04-20 21:22:39.158 - RealTimeSTT: realtimestt - DEBUG - _audio_data_worker writing audio data into queue.
2026-04-20 21:22:40.182 - RealTimeSTT: realtimestt - DEBUG - _audio_data_worker writing audio data into queue.
2026-04-20 21:22:41.206 - RealTimeSTT: realtimestt - DEBUG - _audio_data_worker writing audio data into queue.
2026-04-20 21:22:42.230 - RealTimeSTT: realtimestt - DEBUG - _audio_data_worker writing audio data into queue.
2026-04-20 21:22:43.254 - RealTimeSTT: realtimestt - DEBUG - _audio_data_worker writing audio data into queue.
2026-04-20 21:22:44.278 - RealTimeSTT: realtimestt - DEBUG - _audio_data_worker writing audio data into queue.
2026-04-20 21:22:45.302 - RealTimeSTT: realtimestt - DEBUG - _audio_data_worker writing audio data into queue.
2026-04-20 21:22:46.326 - RealTimeSTT: realtimestt - DEBUG - _audio_data_worker writing audio data into queue.
2026-04-20 21:22:47.350 - RealTimeSTT: realtimestt - DEBUG - _audio_data_worker writing audio data into queue.
2026-04-20 21:22:48.374 - RealTimeSTT: realtimestt - DEBUG - _audio_data_worker writing audio data into queue.
2026-04-20 21:22:49.398 - RealTimeSTT: realtimestt - DEBUG - _audio_data_worker writing audio data into queue.
2026-04-20 21:22:50.422 - RealTimeSTT: realtimestt - DEBUG - _audio_data_worker writing audio data into queue.
2026-04-20 21:22:51.446 - RealTimeSTT: realtimestt - DEBUG - _audio_data_worker writing audio data into queue.
2026-04-20 21:22:52.470 - RealTimeSTT: realtimestt - DEBUG - _audio_data_worker writing audio data into queue.
2026-04-20 21:22:53.494 - RealTimeSTT: realtimestt - DEBUG - _audio_data_worker writing audio data into queue.
2026-04-20 21:22:54.518 - RealTimeSTT: realtimestt - DEBUG - _audio_data_worker writing audio data into queue.
2026-04-20 21:22:55.542 - RealTimeSTT: realtimestt - DEBUG - _audio_data_worker writing audio data into queue.
2026-04-20 21:22:56.566 - RealTimeSTT: realtimestt - DEBUG - _audio_data_worker writing audio data into queue.
2026-04-20 21:22:57.590 - RealTimeSTT: realtimestt - DEBUG - _audio_data_worker writing audio data into queue.
2026-04-20 21:22:58.614 - RealTimeSTT: realtimestt - DEBUG - _audio_data_worker writing audio data into queue.
2026-04-20 21:22:59.638 - RealTimeSTT: realtimestt - DEBUG - _audio_data_worker writing audio data into queue.
2026-04-20 21:23:00.662 - RealTimeSTT: realtimestt - DEBUG - _audio_data_worker writing audio data into queue.
2026-04-20 21:23:01.686 - RealTimeSTT: realtimestt - DEBUG - _audio_data_worker writing audio data into queue.
2026-04-20 21:23:02.710 - RealTimeSTT: realtimestt - DEBUG - _audio_data_worker writing audio data into queue.
2026-04-20 21:23:03.734 - RealTimeSTT: realtimestt - DEBUG - _audio_data_worker writing audio data into queue.
2026-04-20 21:23:04.758 - RealTimeSTT: realtimestt - DEBUG - _audio_data_worker writing audio data into queue.
2026-04-20 21:23:05.782 - RealTimeSTT: realtimestt - DEBUG - _audio_data_worker writing audio data into queue.
2026-04-20 21:23:06.806 - RealTimeSTT: realtimestt - DEBUG - _audio_data_worker writing audio data into queue.
2026-04-20 21:23:07.830 - RealTimeSTT: realtimestt - DEBUG - _audio_data_worker writing audio data into queue.
2026-04-20 21:23:08.854 - RealTimeSTT: realtimestt - DEBUG - _audio_data_worker writing audio data into queue.
2026-04-20 21:23:09.878 - RealTimeSTT: realtimestt - DEBUG - _audio_data_worker writing audio data into queue.
2026-04-20 21:23:10.404 - RealTimeSTT: realtimestt - DEBUG - Debug: Caught exception in main try block
2026-04-20 21:33:36.417 - RealTimeSTT: realtimestt - INFO - Starting RealTimeSTT
2026-04-20 21:33:36.444 - RealTimeSTT: realtimestt - INFO - Initializing audio recording (creating pyAudio input stream, sample rate: 16000 buffer size: 512
2026-04-20 21:33:36.444 - RealTimeSTT: realtimestt - DEBUG - Starting audio data worker with target_sample_rate=16000, buffer_size=512, input_device_index=None
2026-04-20 21:33:36.444 - RealTimeSTT: realtimestt - INFO - Initializing WebRTC voice with Sensitivity 3
2026-04-20 21:33:36.444 - RealTimeSTT: realtimestt - DEBUG - Creating PyAudio interface...
2026-04-20 21:33:36.444 - RealTimeSTT: realtimestt - DEBUG - WebRTC VAD voice activity detection engine initialized successfully
2026-04-20 21:33:36.444 - RealTimeSTT: realtimestt - DEBUG - No device index supplied; using default device 21
2026-04-20 21:33:36.445 - RealTimeSTT: realtimestt - DEBUG - Retrieving highest sample rate for device index 21: {'index': 21, 'structVersion': 2, 'name': 'default', 'hostApi': 0, 'maxInputChannels': 128, 'maxOutputChannels': 128, 'defaultLowInputLatency': 0.008707482993197279, 'defaultLowOutputLatency': 0.008707482993197279, 'defaultHighInputLatency': 0.034829931972789115, 'defaultHighOutputLatency': 0.034829931972789115, 'defaultSampleRate': 44100.0}
2026-04-20 21:33:36.445 - RealTimeSTT: realtimestt - DEBUG - Highest supported sample rate for device index 21 is 44100
2026-04-20 21:33:36.445 - RealTimeSTT: realtimestt - DEBUG - Sample rates to try for device 21: [16000, 44100]
2026-04-20 21:33:36.446 - RealTimeSTT: realtimestt - DEBUG - Attempting to initialize audio stream at 16000 Hz.
2026-04-20 21:33:36.446 - RealTimeSTT: realtimestt - DEBUG - Found 28 total audio devices on the system.
2026-04-20 21:33:36.446 - RealTimeSTT: realtimestt - DEBUG - Available input devices with input channels: [0, 1, 3, 10, 11, 12, 13, 14, 15, 16, 17, 18, 19, 20, 21, 22, 23, 24, 25, 26, 27]
2026-04-20 21:33:36.446 - RealTimeSTT: realtimestt - DEBUG - Validating device index 21 with info: {'index': 21, 'structVersion': 2, 'name': 'default', 'hostApi': 0, 'maxInputChannels': 128, 'maxOutputChannels': 128, 'defaultLowInputLatency': 0.008707482993197279, 'defaultLowOutputLatency': 0.008707482993197279, 'defaultHighInputLatency': 0.034829931972789115, 'defaultHighOutputLatency': 0.034829931972789115, 'defaultSampleRate': 44100.0}
2026-04-20 21:33:36.552 - RealTimeSTT: realtimestt - DEBUG - Device index 21 successfully validated.
2026-04-20 21:33:36.553 - RealTimeSTT: realtimestt - DEBUG - Opening stream with device index 21, sample_rate=16000, chunk_size=1024
2026-04-20 21:33:36.567 - RealTimeSTT: realtimestt - INFO - Microphone connected and validated (device index: 21, sample rate: 16000, chunk size: 1024)
2026-04-20 21:33:36.567 - RealTimeSTT: realtimestt - DEBUG - Audio recording initialized successfully at 16000 Hz, reading 1024 frames at a time
2026-04-20 21:33:37.020 - RealTimeSTT: realtimestt - DEBUG - Silero VAD voice activity detection engine initialized successfully
2026-04-20 21:33:37.021 - RealTimeSTT: realtimestt - DEBUG - Starting realtime worker
2026-04-20 21:33:37.021 - RealTimeSTT: realtimestt - DEBUG - Waiting for main transcription model to start
2026-04-20 21:33:37.455 - RealTimeSTT: realtimestt - DEBUG - Main transcription model ready
2026-04-20 21:33:37.455 - RealTimeSTT: realtimestt - DEBUG - RealtimeSTT initialization completed successfully
2026-04-20 21:33:37.455 - RealTimeSTT: realtimestt - INFO - Setting listen time
2026-04-20 21:33:37.455 - RealTimeSTT: realtimestt - INFO - State changed from 'inactive' to 'listening'
2026-04-20 21:33:37.456 - RealTimeSTT: realtimestt - DEBUG - Waiting for recording start
2026-04-20 21:33:37.669 - RealTimeSTT: realtimestt - DEBUG - _audio_data_worker writing audio data into queue.
2026-04-20 21:33:38.696 - RealTimeSTT: realtimestt - DEBUG - _audio_data_worker writing audio data into queue.
2026-04-20 21:33:39.719 - RealTimeSTT: realtimestt - DEBUG - _audio_data_worker writing audio data into queue.
2026-04-20 21:33:40.658 - RealTimeSTT: realtimestt - INFO - voice activity detected
2026-04-20 21:33:40.658 - RealTimeSTT: realtimestt - INFO - recording started
2026-04-20 21:33:40.658 - RealTimeSTT: realtimestt - INFO - State changed from 'listening' to 'recording'
2026-04-20 21:33:40.658 - RealTimeSTT: realtimestt - DEBUG - Waiting for recording stop
2026-04-20 21:33:40.743 - RealTimeSTT: realtimestt - DEBUG - _audio_data_worker writing audio data into queue.
2026-04-20 21:33:41.766 - RealTimeSTT: realtimestt - DEBUG - _audio_data_worker writing audio data into queue.
2026-04-20 21:33:42.448 - RealTimeSTT: realtimestt - INFO - recording stopped
2026-04-20 21:33:42.449 - RealTimeSTT: realtimestt - DEBUG - No samples removed, final audio length: 45056
2026-04-20 21:33:42.449 - RealTimeSTT: realtimestt - INFO - State changed from 'recording' to 'inactive'
2026-04-20 21:33:42.510 - RealTimeSTT: realtimestt - INFO - State changed from 'inactive' to 'transcribing'
2026-04-20 21:33:42.510 - RealTimeSTT: realtimestt - DEBUG - Adding transcription request, no early transcription started
2026-04-20 21:33:42.511 - RealTimeSTT: realtimestt - DEBUG - Receive from parent_transcription_pipe after sendiung transcription request, transcribe_count: 1
2026-04-20 21:33:42.612 - RealTimeSTT: realtimestt - DEBUG - Receive from parent_transcription_pipe after sendiung transcription request, transcribe_count: 1
2026-04-20 21:33:42.628 - RealTimeSTT: realtimestt - INFO - State changed from 'transcribing' to 'inactive'
2026-04-20 21:33:42.663 - RealTimeSTT: realtimestt - DEBUG - Model tiny completed transcription in 0.15 seconds
2026-04-20 21:33:42.663 - RealTimeSTT: realtimestt - INFO - Setting listen time
2026-04-20 21:33:42.663 - RealTimeSTT: realtimestt - INFO - State changed from 'inactive' to 'listening'
2026-04-20 21:33:42.663 - RealTimeSTT: realtimestt - DEBUG - Waiting for recording start
2026-04-20 21:33:42.789 - RealTimeSTT: realtimestt - DEBUG - _audio_data_worker writing audio data into queue.
2026-04-20 21:33:43.813 - RealTimeSTT: realtimestt - DEBUG - _audio_data_worker writing audio data into queue.
2026-04-20 21:33:44.837 - RealTimeSTT: realtimestt - DEBUG - _audio_data_worker writing audio data into queue.
2026-04-20 21:33:45.861 - RealTimeSTT: realtimestt - DEBUG - _audio_data_worker writing audio data into queue.
2026-04-20 21:33:46.885 - RealTimeSTT: realtimestt - DEBUG - _audio_data_worker writing audio data into queue.
2026-04-20 21:33:47.909 - RealTimeSTT: realtimestt - DEBUG - _audio_data_worker writing audio data into queue.
2026-04-20 21:33:47.995 - RealTimeSTT: realtimestt - INFO - voice activity detected
2026-04-20 21:33:47.995 - RealTimeSTT: realtimestt - INFO - recording started
2026-04-20 21:33:47.995 - RealTimeSTT: realtimestt - INFO - State changed from 'listening' to 'recording'
2026-04-20 21:33:47.995 - RealTimeSTT: realtimestt - DEBUG - Waiting for recording stop
2026-04-20 21:33:48.933 - RealTimeSTT: realtimestt - DEBUG - _audio_data_worker writing audio data into queue.
2026-04-20 21:33:49.957 - RealTimeSTT: realtimestt - DEBUG - _audio_data_worker writing audio data into queue.
2026-04-20 21:33:50.981 - RealTimeSTT: realtimestt - DEBUG - _audio_data_worker writing audio data into queue.
2026-04-20 21:33:52.005 - RealTimeSTT: realtimestt - DEBUG - _audio_data_worker writing audio data into queue.
2026-04-20 21:33:53.029 - RealTimeSTT: realtimestt - DEBUG - _audio_data_worker writing audio data into queue.
2026-04-20 21:33:53.626 - RealTimeSTT: realtimestt - INFO - recording stopped
2026-04-20 21:33:53.628 - RealTimeSTT: realtimestt - DEBUG - No samples removed, final audio length: 106496
2026-04-20 21:33:53.628 - RealTimeSTT: realtimestt - INFO - State changed from 'recording' to 'inactive'
2026-04-20 21:33:53.674 - RealTimeSTT: realtimestt - INFO - State changed from 'inactive' to 'transcribing'
2026-04-20 21:33:53.675 - RealTimeSTT: realtimestt - DEBUG - Adding transcription request, no early transcription started
2026-04-20 21:33:53.675 - RealTimeSTT: realtimestt - DEBUG - Receive from parent_transcription_pipe after sendiung transcription request, transcribe_count: 1
2026-04-20 21:33:53.777 - RealTimeSTT: realtimestt - DEBUG - Receive from parent_transcription_pipe after sendiung transcription request, transcribe_count: 1
2026-04-20 21:33:53.805 - RealTimeSTT: realtimestt - INFO - State changed from 'transcribing' to 'inactive'
2026-04-20 21:33:53.830 - RealTimeSTT: realtimestt - DEBUG - Model tiny completed transcription in 0.16 seconds
2026-04-20 21:33:53.831 - RealTimeSTT: realtimestt - INFO - Setting listen time
2026-04-20 21:33:53.831 - RealTimeSTT: realtimestt - INFO - State changed from 'inactive' to 'listening'
2026-04-20 21:33:53.831 - RealTimeSTT: realtimestt - DEBUG - Waiting for recording start
2026-04-20 21:33:54.053 - RealTimeSTT: realtimestt - DEBUG - _audio_data_worker writing audio data into queue.
2026-04-20 21:33:55.077 - RealTimeSTT: realtimestt - DEBUG - _audio_data_worker writing audio data into queue.
2026-04-20 21:33:56.101 - RealTimeSTT: realtimestt - DEBUG - _audio_data_worker writing audio data into queue.
2026-04-20 21:33:57.125 - RealTimeSTT: realtimestt - DEBUG - _audio_data_worker writing audio data into queue.
2026-04-20 21:33:58.149 - RealTimeSTT: realtimestt - DEBUG - _audio_data_worker writing audio data into queue.
2026-04-20 21:33:59.173 - RealTimeSTT: realtimestt - DEBUG - _audio_data_worker writing audio data into queue.
2026-04-20 21:34:00.197 - RealTimeSTT: realtimestt - DEBUG - _audio_data_worker writing audio data into queue.
2026-04-20 21:34:01.221 - RealTimeSTT: realtimestt - DEBUG - _audio_data_worker writing audio data into queue.
2026-04-20 21:34:02.245 - RealTimeSTT: realtimestt - DEBUG - _audio_data_worker writing audio data into queue.
2026-04-20 21:34:02.416 - RealTimeSTT: realtimestt - INFO - voice activity detected
2026-04-20 21:34:02.416 - RealTimeSTT: realtimestt - INFO - recording started
2026-04-20 21:34:02.416 - RealTimeSTT: realtimestt - INFO - State changed from 'listening' to 'recording'
2026-04-20 21:34:02.416 - RealTimeSTT: realtimestt - DEBUG - Waiting for recording stop
2026-04-20 21:34:03.269 - RealTimeSTT: realtimestt - DEBUG - _audio_data_worker writing audio data into queue.
2026-04-20 21:34:04.293 - RealTimeSTT: realtimestt - DEBUG - _audio_data_worker writing audio data into queue.
2026-04-20 21:34:05.317 - RealTimeSTT: realtimestt - DEBUG - _audio_data_worker writing audio data into queue.
2026-04-20 21:34:06.341 - RealTimeSTT: realtimestt - DEBUG - _audio_data_worker writing audio data into queue.
2026-04-20 21:34:07.365 - RealTimeSTT: realtimestt - DEBUG - _audio_data_worker writing audio data into queue.
2026-04-20 21:34:07.536 - RealTimeSTT: realtimestt - INFO - recording stopped
2026-04-20 21:34:07.537 - RealTimeSTT: realtimestt - DEBUG - No samples removed, final audio length: 98304
2026-04-20 21:34:07.537 - RealTimeSTT: realtimestt - INFO - State changed from 'recording' to 'inactive'
2026-04-20 21:34:07.592 - RealTimeSTT: realtimestt - INFO - State changed from 'inactive' to 'transcribing'
2026-04-20 21:34:07.593 - RealTimeSTT: realtimestt - DEBUG - Adding transcription request, no early transcription started
2026-04-20 21:34:07.593 - RealTimeSTT: realtimestt - DEBUG - Receive from parent_transcription_pipe after sendiung transcription request, transcribe_count: 1
2026-04-20 21:34:07.694 - RealTimeSTT: realtimestt - DEBUG - Receive from parent_transcription_pipe after sendiung transcription request, transcribe_count: 1
2026-04-20 21:34:07.711 - RealTimeSTT: realtimestt - INFO - State changed from 'transcribing' to 'inactive'
2026-04-20 21:34:07.748 - RealTimeSTT: realtimestt - DEBUG - Model tiny completed transcription in 0.15 seconds
2026-04-20 21:34:07.748 - RealTimeSTT: realtimestt - INFO - Setting listen time
2026-04-20 21:34:07.748 - RealTimeSTT: realtimestt - INFO - State changed from 'inactive' to 'listening'
2026-04-20 21:34:07.749 - RealTimeSTT: realtimestt - DEBUG - Waiting for recording start
2026-04-20 21:34:08.389 - RealTimeSTT: realtimestt - DEBUG - _audio_data_worker writing audio data into queue.
2026-04-20 21:34:09.413 - RealTimeSTT: realtimestt - DEBUG - _audio_data_worker writing audio data into queue.
2026-04-20 21:34:10.437 - RealTimeSTT: realtimestt - DEBUG - _audio_data_worker writing audio data into queue.
2026-04-20 21:34:10.608 - RealTimeSTT: realtimestt - INFO - voice activity detected
2026-04-20 21:34:10.608 - RealTimeSTT: realtimestt - INFO - recording started
2026-04-20 21:34:10.608 - RealTimeSTT: realtimestt - INFO - State changed from 'listening' to 'recording'
2026-04-20 21:34:10.608 - RealTimeSTT: realtimestt - DEBUG - Waiting for recording stop
2026-04-20 21:34:11.461 - RealTimeSTT: realtimestt - DEBUG - _audio_data_worker writing audio data into queue.
2026-04-20 21:34:11.802 - RealTimeSTT: realtimestt - INFO - recording stopped
2026-04-20 21:34:11.803 - RealTimeSTT: realtimestt - DEBUG - No samples removed, final audio length: 35840
2026-04-20 21:34:11.803 - RealTimeSTT: realtimestt - INFO - State changed from 'recording' to 'inactive'
2026-04-20 21:34:11.852 - RealTimeSTT: realtimestt - INFO - State changed from 'inactive' to 'transcribing'
2026-04-20 21:34:11.852 - RealTimeSTT: realtimestt - DEBUG - Adding transcription request, no early transcription started
2026-04-20 21:34:11.853 - RealTimeSTT: realtimestt - DEBUG - Receive from parent_transcription_pipe after sendiung transcription request, transcribe_count: 1
2026-04-20 21:34:11.939 - RealTimeSTT: realtimestt - INFO - State changed from 'transcribing' to 'inactive'
2026-04-20 21:34:11.954 - RealTimeSTT: realtimestt - DEBUG - Model tiny completed transcription in 0.10 seconds
2026-04-20 21:34:11.955 - RealTimeSTT: realtimestt - INFO - Setting listen time
2026-04-20 21:34:11.955 - RealTimeSTT: realtimestt - INFO - State changed from 'inactive' to 'listening'
2026-04-20 21:34:11.955 - RealTimeSTT: realtimestt - DEBUG - Waiting for recording start
2026-04-20 21:34:12.485 - RealTimeSTT: realtimestt - DEBUG - _audio_data_worker writing audio data into queue.
2026-04-20 21:34:13.509 - RealTimeSTT: realtimestt - DEBUG - _audio_data_worker writing audio data into queue.
2026-04-20 21:34:14.533 - RealTimeSTT: realtimestt - DEBUG - _audio_data_worker writing audio data into queue.
2026-04-20 21:34:15.557 - RealTimeSTT: realtimestt - DEBUG - _audio_data_worker writing audio data into queue.
2026-04-20 21:34:16.581 - RealTimeSTT: realtimestt - DEBUG - _audio_data_worker writing audio data into queue.
2026-04-20 21:34:17.520 - RealTimeSTT: realtimestt - INFO - voice activity detected
2026-04-20 21:34:17.520 - RealTimeSTT: realtimestt - INFO - recording started
2026-04-20 21:34:17.520 - RealTimeSTT: realtimestt - INFO - State changed from 'listening' to 'recording'
2026-04-20 21:34:17.520 - RealTimeSTT: realtimestt - DEBUG - Waiting for recording stop
2026-04-20 21:34:17.605 - RealTimeSTT: realtimestt - DEBUG - _audio_data_worker writing audio data into queue.
2026-04-20 21:34:18.629 - RealTimeSTT: realtimestt - DEBUG - _audio_data_worker writing audio data into queue.
2026-04-20 21:34:19.056 - RealTimeSTT: realtimestt - INFO - recording stopped
2026-04-20 21:34:19.056 - RealTimeSTT: realtimestt - DEBUG - No samples removed, final audio length: 40960
2026-04-20 21:34:19.056 - RealTimeSTT: realtimestt - INFO - State changed from 'recording' to 'inactive'
2026-04-20 21:34:19.140 - RealTimeSTT: realtimestt - INFO - State changed from 'inactive' to 'transcribing'
2026-04-20 21:34:19.141 - RealTimeSTT: realtimestt - DEBUG - Adding transcription request, no early transcription started
2026-04-20 21:34:19.141 - RealTimeSTT: realtimestt - DEBUG - Receive from parent_transcription_pipe after sendiung transcription request, transcribe_count: 1
2026-04-20 21:34:19.237 - RealTimeSTT: realtimestt - INFO - State changed from 'transcribing' to 'inactive'
2026-04-20 21:34:19.242 - RealTimeSTT: realtimestt - DEBUG - Model tiny completed transcription in 0.10 seconds
2026-04-20 21:34:19.242 - RealTimeSTT: realtimestt - INFO - Setting listen time
2026-04-20 21:34:19.243 - RealTimeSTT: realtimestt - INFO - State changed from 'inactive' to 'listening'
2026-04-20 21:34:19.243 - RealTimeSTT: realtimestt - DEBUG - Waiting for recording start
2026-04-20 21:34:19.653 - RealTimeSTT: realtimestt - DEBUG - _audio_data_worker writing audio data into queue.
2026-04-20 21:34:20.677 - RealTimeSTT: realtimestt - DEBUG - _audio_data_worker writing audio data into queue.
2026-04-20 21:34:21.274 - RealTimeSTT: realtimestt - INFO - voice activity detected
2026-04-20 21:34:21.274 - RealTimeSTT: realtimestt - INFO - recording started
2026-04-20 21:34:21.274 - RealTimeSTT: realtimestt - INFO - State changed from 'listening' to 'recording'
2026-04-20 21:34:21.275 - RealTimeSTT: realtimestt - DEBUG - Waiting for recording stop
2026-04-20 21:34:21.701 - RealTimeSTT: realtimestt - DEBUG - _audio_data_worker writing audio data into queue.
2026-04-20 21:34:22.725 - RealTimeSTT: realtimestt - DEBUG - _audio_data_worker writing audio data into queue.
2026-04-20 21:34:22.896 - RealTimeSTT: realtimestt - INFO - recording stopped
2026-04-20 21:34:22.896 - RealTimeSTT: realtimestt - DEBUG - No samples removed, final audio length: 41984
2026-04-20 21:34:22.896 - RealTimeSTT: realtimestt - INFO - State changed from 'recording' to 'inactive'
2026-04-20 21:34:22.926 - RealTimeSTT: realtimestt - INFO - State changed from 'inactive' to 'transcribing'
2026-04-20 21:34:22.926 - RealTimeSTT: realtimestt - DEBUG - Adding transcription request, no early transcription started
2026-04-20 21:34:22.927 - RealTimeSTT: realtimestt - DEBUG - Receive from parent_transcription_pipe after sendiung transcription request, transcribe_count: 1
2026-04-20 21:34:23.023 - RealTimeSTT: realtimestt - INFO - State changed from 'transcribing' to 'inactive'
2026-04-20 21:34:23.057 - RealTimeSTT: realtimestt - DEBUG - Model tiny completed transcription in 0.13 seconds
2026-04-20 21:34:23.058 - RealTimeSTT: realtimestt - INFO - Setting listen time
2026-04-20 21:34:23.058 - RealTimeSTT: realtimestt - INFO - State changed from 'inactive' to 'listening'
2026-04-20 21:34:23.058 - RealTimeSTT: realtimestt - DEBUG - Waiting for recording start
2026-04-20 21:34:23.749 - RealTimeSTT: realtimestt - DEBUG - _audio_data_worker writing audio data into queue.
2026-04-20 21:34:24.773 - RealTimeSTT: realtimestt - DEBUG - _audio_data_worker writing audio data into queue.
2026-04-20 21:34:25.797 - RealTimeSTT: realtimestt - DEBUG - _audio_data_worker writing audio data into queue.
2026-04-20 21:34:26.821 - RealTimeSTT: realtimestt - DEBUG - _audio_data_worker writing audio data into queue.
2026-04-20 21:34:27.845 - RealTimeSTT: realtimestt - DEBUG - _audio_data_worker writing audio data into queue.
2026-04-20 21:34:28.869 - RealTimeSTT: realtimestt - DEBUG - _audio_data_worker writing audio data into queue.
2026-04-20 21:34:29.893 - RealTimeSTT: realtimestt - DEBUG - _audio_data_worker writing audio data into queue.
2026-04-20 21:34:30.832 - RealTimeSTT: realtimestt - INFO - voice activity detected
2026-04-20 21:34:30.832 - RealTimeSTT: realtimestt - INFO - recording started
2026-04-20 21:34:30.832 - RealTimeSTT: realtimestt - INFO - State changed from 'listening' to 'recording'
2026-04-20 21:34:30.832 - RealTimeSTT: realtimestt - DEBUG - Waiting for recording stop
2026-04-20 21:34:30.917 - RealTimeSTT: realtimestt - DEBUG - _audio_data_worker writing audio data into queue.
2026-04-20 21:34:31.941 - RealTimeSTT: realtimestt - DEBUG - _audio_data_worker writing audio data into queue.
2026-04-20 21:34:32.026 - RealTimeSTT: realtimestt - INFO - recording stopped
2026-04-20 21:34:32.027 - RealTimeSTT: realtimestt - DEBUG - No samples removed, final audio length: 35840
2026-04-20 21:34:32.027 - RealTimeSTT: realtimestt - INFO - State changed from 'recording' to 'inactive'
2026-04-20 21:34:32.063 - RealTimeSTT: realtimestt - INFO - State changed from 'inactive' to 'transcribing'
2026-04-20 21:34:32.064 - RealTimeSTT: realtimestt - DEBUG - Adding transcription request, no early transcription started
2026-04-20 21:34:32.064 - RealTimeSTT: realtimestt - DEBUG - Receive from parent_transcription_pipe after sendiung transcription request, transcribe_count: 1
2026-04-20 21:34:32.163 - RealTimeSTT: realtimestt - INFO - State changed from 'transcribing' to 'inactive'
2026-04-20 21:34:32.167 - RealTimeSTT: realtimestt - DEBUG - Model tiny completed transcription in 0.10 seconds
2026-04-20 21:34:32.168 - RealTimeSTT: realtimestt - INFO - Setting listen time
2026-04-20 21:34:32.168 - RealTimeSTT: realtimestt - INFO - State changed from 'inactive' to 'listening'
2026-04-20 21:34:32.168 - RealTimeSTT: realtimestt - DEBUG - Waiting for recording start
2026-04-20 21:34:32.965 - RealTimeSTT: realtimestt - DEBUG - _audio_data_worker writing audio data into queue.
2026-04-20 21:34:33.989 - RealTimeSTT: realtimestt - DEBUG - _audio_data_worker writing audio data into queue.
2026-04-20 21:34:35.013 - RealTimeSTT: realtimestt - DEBUG - _audio_data_worker writing audio data into queue.
2026-04-20 21:34:36.037 - RealTimeSTT: realtimestt - DEBUG - _audio_data_worker writing audio data into queue.
2026-04-20 21:34:37.061 - RealTimeSTT: realtimestt - DEBUG - _audio_data_worker writing audio data into queue.
2026-04-20 21:34:37.388 - RealTimeSTT: realtimestt - INFO - KeyboardInterrupt in wait_audio, shutting down
2026-04-20 21:34:37.388 - RealTimeSTT: realtimestt - DEBUG - Finishing recording thread
2026-04-20 21:34:37.398 - RealTimeSTT: realtimestt - DEBUG - Terminating reader process
2026-04-20 21:34:37.410 - RealTimeSTT: realtimestt - DEBUG - Terminating transcription process
2026-04-20 21:34:37.481 - RealTimeSTT: realtimestt - DEBUG - Finishing realtime thread
2026-04-20 21:34:37.601 - RealTimeSTT: realtimestt - INFO - KeyboardInterrupt in text() method
2026-04-21 15:21:31.092 - RealTimeSTT: realtimestt - INFO - Starting RealTimeSTT
2026-04-21 15:21:31.116 - RealTimeSTT: realtimestt - INFO - Initializing audio recording (creating pyAudio input stream, sample rate: 16000 buffer size: 512
2026-04-21 15:21:31.117 - RealTimeSTT: realtimestt - DEBUG - Starting audio data worker with target_sample_rate=16000, buffer_size=512, input_device_index=None
2026-04-21 15:21:31.117 - RealTimeSTT: realtimestt - INFO - Initializing WebRTC voice with Sensitivity 3
2026-04-21 15:21:31.117 - RealTimeSTT: realtimestt - DEBUG - Creating PyAudio interface...
2026-04-21 15:21:31.117 - RealTimeSTT: realtimestt - DEBUG - WebRTC VAD voice activity detection engine initialized successfully
2026-04-21 15:21:31.117 - RealTimeSTT: realtimestt - DEBUG - No device index supplied; using default device 21
2026-04-21 15:21:31.118 - RealTimeSTT: realtimestt - DEBUG - Retrieving highest sample rate for device index 21: {'index': 21, 'structVersion': 2, 'name': 'default', 'hostApi': 0, 'maxInputChannels': 128, 'maxOutputChannels': 128, 'defaultLowInputLatency': 0.008707482993197279, 'defaultLowOutputLatency': 0.008707482993197279, 'defaultHighInputLatency': 0.034829931972789115, 'defaultHighOutputLatency': 0.034829931972789115, 'defaultSampleRate': 44100.0}
2026-04-21 15:21:31.118 - RealTimeSTT: realtimestt - DEBUG - Highest supported sample rate for device index 21 is 44100
2026-04-21 15:21:31.118 - RealTimeSTT: realtimestt - DEBUG - Sample rates to try for device 21: [16000, 44100]
2026-04-21 15:21:31.118 - RealTimeSTT: realtimestt - DEBUG - Attempting to initialize audio stream at 16000 Hz.
2026-04-21 15:21:31.118 - RealTimeSTT: realtimestt - DEBUG - Found 28 total audio devices on the system.
2026-04-21 15:21:31.118 - RealTimeSTT: realtimestt - DEBUG - Available input devices with input channels: [0, 1, 3, 10, 11, 12, 13, 14, 15, 16, 17, 18, 19, 20, 21, 22, 23, 24, 25, 26, 27]
2026-04-21 15:21:31.118 - RealTimeSTT: realtimestt - DEBUG - Validating device index 21 with info: {'index': 21, 'structVersion': 2, 'name': 'default', 'hostApi': 0, 'maxInputChannels': 128, 'maxOutputChannels': 128, 'defaultLowInputLatency': 0.008707482993197279, 'defaultLowOutputLatency': 0.008707482993197279, 'defaultHighInputLatency': 0.034829931972789115, 'defaultHighOutputLatency': 0.034829931972789115, 'defaultSampleRate': 44100.0}
2026-04-21 15:21:31.224 - RealTimeSTT: realtimestt - DEBUG - Device index 21 successfully validated.
2026-04-21 15:21:31.224 - RealTimeSTT: realtimestt - DEBUG - Opening stream with device index 21, sample_rate=16000, chunk_size=1024
2026-04-21 15:21:31.240 - RealTimeSTT: realtimestt - INFO - Microphone connected and validated (device index: 21, sample rate: 16000, chunk size: 1024)
2026-04-21 15:21:31.240 - RealTimeSTT: realtimestt - DEBUG - Audio recording initialized successfully at 16000 Hz, reading 1024 frames at a time
2026-04-21 15:21:31.803 - RealTimeSTT: realtimestt - DEBUG - Silero VAD voice activity detection engine initialized successfully
2026-04-21 15:21:31.804 - RealTimeSTT: realtimestt - DEBUG - Starting realtime worker
2026-04-21 15:21:31.804 - RealTimeSTT: realtimestt - DEBUG - Waiting for main transcription model to start
2026-04-21 15:21:31.994 - RealTimeSTT: realtimestt - DEBUG - Main transcription model ready
2026-04-21 15:21:31.995 - RealTimeSTT: realtimestt - DEBUG - RealtimeSTT initialization completed successfully
2026-04-21 15:21:31.995 - RealTimeSTT: realtimestt - INFO - Setting listen time
2026-04-21 15:21:31.995 - RealTimeSTT: realtimestt - INFO - State changed from 'inactive' to 'listening'
2026-04-21 15:21:31.995 - RealTimeSTT: realtimestt - DEBUG - Waiting for recording start
2026-04-21 15:21:32.341 - RealTimeSTT: realtimestt - DEBUG - _audio_data_worker writing audio data into queue.
2026-04-21 15:21:33.367 - RealTimeSTT: realtimestt - DEBUG - _audio_data_worker writing audio data into queue.
2026-04-21 15:21:34.391 - RealTimeSTT: realtimestt - DEBUG - _audio_data_worker writing audio data into queue.
2026-04-21 15:21:34.790 - RealTimeSTT: realtimestt - INFO - KeyboardInterrupt in wait_audio, shutting down
2026-04-21 15:21:34.790 - RealTimeSTT: realtimestt - DEBUG - Finishing recording thread
2026-04-21 15:21:34.793 - RealTimeSTT: realtimestt - DEBUG - Terminating reader process
2026-04-21 15:21:34.825 - RealTimeSTT: realtimestt - DEBUG - Terminating transcription process
2026-04-21 15:21:34.825 - RealTimeSTT: realtimestt - DEBUG - Finishing realtime thread
2026-04-21 15:21:34.939 - RealTimeSTT: realtimestt - INFO - KeyboardInterrupt in text() method
2026-04-21 15:27:55.676 - RealTimeSTT: realtimestt - INFO - Starting RealTimeSTT
2026-04-21 15:27:55.701 - RealTimeSTT: realtimestt - INFO - Initializing audio recording (creating pyAudio input stream, sample rate: 16000 buffer size: 512
2026-04-21 15:27:55.702 - RealTimeSTT: realtimestt - DEBUG - Starting audio data worker with target_sample_rate=16000, buffer_size=512, input_device_index=None
2026-04-21 15:27:55.702 - RealTimeSTT: realtimestt - DEBUG - Creating PyAudio interface...
2026-04-21 15:27:55.703 - RealTimeSTT: realtimestt - INFO - Initializing WebRTC voice with Sensitivity 3
2026-04-21 15:27:55.703 - RealTimeSTT: realtimestt - DEBUG - WebRTC VAD voice activity detection engine initialized successfully
2026-04-21 15:27:56.030 - RealTimeSTT: realtimestt - DEBUG - No device index supplied; using default device 26
2026-04-21 15:27:56.030 - RealTimeSTT: realtimestt - DEBUG - Retrieving highest sample rate for device index 26: {'index': 26, 'structVersion': 2, 'name': 'default', 'hostApi': 0, 'maxInputChannels': 128, 'maxOutputChannels': 128, 'defaultLowInputLatency': 0.008707482993197279, 'defaultLowOutputLatency': 0.008707482993197279, 'defaultHighInputLatency': 0.034829931972789115, 'defaultHighOutputLatency': 0.034829931972789115, 'defaultSampleRate': 44100.0}
2026-04-21 15:27:56.030 - RealTimeSTT: realtimestt - DEBUG - Highest supported sample rate for device index 26 is 44100
2026-04-21 15:27:56.030 - RealTimeSTT: realtimestt - DEBUG - Sample rates to try for device 26: [16000, 44100]
2026-04-21 15:27:56.030 - RealTimeSTT: realtimestt - DEBUG - Attempting to initialize audio stream at 16000 Hz.
2026-04-21 15:27:56.030 - RealTimeSTT: realtimestt - DEBUG - Found 33 total audio devices on the system.
2026-04-21 15:27:56.030 - RealTimeSTT: realtimestt - DEBUG - Available input devices with input channels: [0, 1, 3, 10, 14, 15, 16, 17, 18, 19, 20, 22, 23, 24, 26, 27, 28, 29, 30, 31, 32]
2026-04-21 15:27:56.030 - RealTimeSTT: realtimestt - DEBUG - Validating device index 26 with info: {'index': 26, 'structVersion': 2, 'name': 'default', 'hostApi': 0, 'maxInputChannels': 128, 'maxOutputChannels': 128, 'defaultLowInputLatency': 0.008707482993197279, 'defaultLowOutputLatency': 0.008707482993197279, 'defaultHighInputLatency': 0.034829931972789115, 'defaultHighOutputLatency': 0.034829931972789115, 'defaultSampleRate': 44100.0}
2026-04-21 15:27:56.132 - RealTimeSTT: realtimestt - DEBUG - Device index 26 successfully validated.
2026-04-21 15:27:56.132 - RealTimeSTT: realtimestt - DEBUG - Opening stream with device index 26, sample_rate=16000, chunk_size=1024
2026-04-21 15:27:56.208 - RealTimeSTT: realtimestt - DEBUG - Silero VAD voice activity detection engine initialized successfully
2026-04-21 15:27:56.208 - RealTimeSTT: realtimestt - INFO - Microphone connected and validated (device index: 26, sample rate: 16000, chunk size: 1024)
2026-04-21 15:27:56.208 - RealTimeSTT: realtimestt - DEBUG - Audio recording initialized successfully at 16000 Hz, reading 1024 frames at a time
2026-04-21 15:27:56.208 - RealTimeSTT: realtimestt - DEBUG - Starting realtime worker
2026-04-21 15:27:56.208 - RealTimeSTT: realtimestt - DEBUG - Waiting for main transcription model to start
2026-04-21 15:27:57.292 - RealTimeSTT: realtimestt - DEBUG - _audio_data_worker writing audio data into queue.
2026-04-21 15:27:58.318 - RealTimeSTT: realtimestt - DEBUG - _audio_data_worker writing audio data into queue.
2026-04-21 15:27:59.342 - RealTimeSTT: realtimestt - DEBUG - _audio_data_worker writing audio data into queue.
2026-04-21 15:28:00.365 - RealTimeSTT: realtimestt - DEBUG - _audio_data_worker writing audio data into queue.
2026-04-21 15:28:01.388 - RealTimeSTT: realtimestt - DEBUG - _audio_data_worker writing audio data into queue.
2026-04-21 15:28:02.412 - RealTimeSTT: realtimestt - DEBUG - _audio_data_worker writing audio data into queue.
2026-04-21 15:28:03.436 - RealTimeSTT: realtimestt - DEBUG - _audio_data_worker writing audio data into queue.
2026-04-21 15:28:04.460 - RealTimeSTT: realtimestt - DEBUG - _audio_data_worker writing audio data into queue.
2026-04-21 15:28:05.484 - RealTimeSTT: realtimestt - DEBUG - _audio_data_worker writing audio data into queue.
2026-04-21 15:28:06.508 - RealTimeSTT: realtimestt - DEBUG - _audio_data_worker writing audio data into queue.
2026-04-21 15:28:07.532 - RealTimeSTT: realtimestt - DEBUG - _audio_data_worker writing audio data into queue.
2026-04-21 15:28:08.555 - RealTimeSTT: realtimestt - DEBUG - _audio_data_worker writing audio data into queue.
2026-04-21 15:28:09.579 - RealTimeSTT: realtimestt - DEBUG - _audio_data_worker writing audio data into queue.
2026-04-21 15:28:10.604 - RealTimeSTT: realtimestt - DEBUG - _audio_data_worker writing audio data into queue.
2026-04-21 15:28:11.627 - RealTimeSTT: realtimestt - DEBUG - _audio_data_worker writing audio data into queue.
2026-04-21 15:28:12.651 - RealTimeSTT: realtimestt - DEBUG - _audio_data_worker writing audio data into queue.
2026-04-21 15:28:13.676 - RealTimeSTT: realtimestt - DEBUG - _audio_data_worker writing audio data into queue.
2026-04-21 15:28:50.142 - RealTimeSTT: realtimestt - INFO - Starting RealTimeSTT
2026-04-21 15:28:50.165 - RealTimeSTT: realtimestt - INFO - Initializing audio recording (creating pyAudio input stream, sample rate: 16000 buffer size: 512
2026-04-21 15:28:50.165 - RealTimeSTT: realtimestt - DEBUG - Starting audio data worker with target_sample_rate=16000, buffer_size=512, input_device_index=None
2026-04-21 15:28:50.165 - RealTimeSTT: realtimestt - DEBUG - Creating PyAudio interface...
2026-04-21 15:28:50.165 - RealTimeSTT: realtimestt - INFO - Initializing WebRTC voice with Sensitivity 3
2026-04-21 15:28:50.166 - RealTimeSTT: realtimestt - DEBUG - WebRTC VAD voice activity detection engine initialized successfully
2026-04-21 15:28:50.480 - RealTimeSTT: realtimestt - DEBUG - No device index supplied; using default device 26
2026-04-21 15:28:50.480 - RealTimeSTT: realtimestt - DEBUG - Retrieving highest sample rate for device index 26: {'index': 26, 'structVersion': 2, 'name': 'default', 'hostApi': 0, 'maxInputChannels': 128, 'maxOutputChannels': 128, 'defaultLowInputLatency': 0.008707482993197279, 'defaultLowOutputLatency': 0.008707482993197279, 'defaultHighInputLatency': 0.034829931972789115, 'defaultHighOutputLatency': 0.034829931972789115, 'defaultSampleRate': 44100.0}
2026-04-21 15:28:50.481 - RealTimeSTT: realtimestt - DEBUG - Highest supported sample rate for device index 26 is 44100
2026-04-21 15:28:50.481 - RealTimeSTT: realtimestt - DEBUG - Sample rates to try for device 26: [16000, 44100]
2026-04-21 15:28:50.481 - RealTimeSTT: realtimestt - DEBUG - Attempting to initialize audio stream at 16000 Hz.
2026-04-21 15:28:50.481 - RealTimeSTT: realtimestt - DEBUG - Found 33 total audio devices on the system.
2026-04-21 15:28:50.481 - RealTimeSTT: realtimestt - DEBUG - Available input devices with input channels: [0, 1, 3, 10, 14, 15, 16, 17, 18, 19, 20, 22, 23, 24, 26, 27, 28, 29, 30, 31, 32]
2026-04-21 15:28:50.481 - RealTimeSTT: realtimestt - DEBUG - Validating device index 26 with info: {'index': 26, 'structVersion': 2, 'name': 'default', 'hostApi': 0, 'maxInputChannels': 128, 'maxOutputChannels': 128, 'defaultLowInputLatency': 0.008707482993197279, 'defaultLowOutputLatency': 0.008707482993197279, 'defaultHighInputLatency': 0.034829931972789115, 'defaultHighOutputLatency': 0.034829931972789115, 'defaultSampleRate': 44100.0}
2026-04-21 15:28:50.594 - RealTimeSTT: realtimestt - DEBUG - Device index 26 successfully validated.
2026-04-21 15:28:50.594 - RealTimeSTT: realtimestt - DEBUG - Opening stream with device index 26, sample_rate=16000, chunk_size=1024
2026-04-21 15:28:50.644 - RealTimeSTT: realtimestt - INFO - Microphone connected and validated (device index: 26, sample rate: 16000, chunk size: 1024)
2026-04-21 15:28:50.644 - RealTimeSTT: realtimestt - DEBUG - Audio recording initialized successfully at 16000 Hz, reading 1024 frames at a time
2026-04-21 15:28:50.711 - RealTimeSTT: realtimestt - DEBUG - Silero VAD voice activity detection engine initialized successfully
2026-04-21 15:28:50.712 - RealTimeSTT: realtimestt - DEBUG - Starting realtime worker
2026-04-21 15:28:50.712 - RealTimeSTT: realtimestt - DEBUG - Waiting for main transcription model to start
2026-04-21 15:28:51.748 - RealTimeSTT: realtimestt - DEBUG - _audio_data_worker writing audio data into queue.
2026-04-21 15:28:52.774 - RealTimeSTT: realtimestt - DEBUG - _audio_data_worker writing audio data into queue.
2026-04-21 15:28:53.798 - RealTimeSTT: realtimestt - DEBUG - _audio_data_worker writing audio data into queue.
2026-04-21 15:28:54.821 - RealTimeSTT: realtimestt - DEBUG - _audio_data_worker writing audio data into queue.
2026-04-21 15:28:55.845 - RealTimeSTT: realtimestt - DEBUG - _audio_data_worker writing audio data into queue.
2026-04-21 15:28:56.868 - RealTimeSTT: realtimestt - DEBUG - _audio_data_worker writing audio data into queue.
2026-04-21 15:28:57.892 - RealTimeSTT: realtimestt - DEBUG - _audio_data_worker writing audio data into queue.
2026-04-21 15:28:58.916 - RealTimeSTT: realtimestt - DEBUG - _audio_data_worker writing audio data into queue.
2026-04-21 15:28:59.940 - RealTimeSTT: realtimestt - DEBUG - _audio_data_worker writing audio data into queue.
2026-04-21 15:29:00.964 - RealTimeSTT: realtimestt - DEBUG - _audio_data_worker writing audio data into queue.
2026-04-21 15:29:01.988 - RealTimeSTT: realtimestt - DEBUG - _audio_data_worker writing audio data into queue.
2026-04-21 15:29:03.012 - RealTimeSTT: realtimestt - DEBUG - _audio_data_worker writing audio data into queue.
2026-04-21 15:29:04.036 - RealTimeSTT: realtimestt - DEBUG - _audio_data_worker writing audio data into queue.
2026-04-21 15:29:05.060 - RealTimeSTT: realtimestt - DEBUG - _audio_data_worker writing audio data into queue.
2026-04-21 15:29:06.084 - RealTimeSTT: realtimestt - DEBUG - _audio_data_worker writing audio data into queue.
2026-04-21 15:29:07.108 - RealTimeSTT: realtimestt - DEBUG - _audio_data_worker writing audio data into queue.
2026-04-21 15:29:08.132 - RealTimeSTT: realtimestt - DEBUG - _audio_data_worker writing audio data into queue.
2026-04-21 15:29:09.156 - RealTimeSTT: realtimestt - DEBUG - _audio_data_worker writing audio data into queue.
2026-04-21 15:29:10.180 - RealTimeSTT: realtimestt - DEBUG - _audio_data_worker writing audio data into queue.
2026-04-21 15:29:11.204 - RealTimeSTT: realtimestt - DEBUG - _audio_data_worker writing audio data into queue.
2026-04-21 15:29:12.228 - RealTimeSTT: realtimestt - DEBUG - _audio_data_worker writing audio data into queue.
2026-04-21 15:29:12.622 - RealTimeSTT: realtimestt - DEBUG - Debug: Caught exception in main try block
2026-04-21 15:29:22.875 - RealTimeSTT: realtimestt - INFO - Starting RealTimeSTT
2026-04-21 15:29:22.898 - RealTimeSTT: realtimestt - INFO - Initializing audio recording (creating pyAudio input stream, sample rate: 16000 buffer size: 512
2026-04-21 15:29:22.898 - RealTimeSTT: realtimestt - DEBUG - Starting audio data worker with target_sample_rate=16000, buffer_size=512, input_device_index=None
2026-04-21 15:29:22.898 - RealTimeSTT: realtimestt - DEBUG - Creating PyAudio interface...
2026-04-21 15:29:22.899 - RealTimeSTT: realtimestt - INFO - Initializing WebRTC voice with Sensitivity 3
2026-04-21 15:29:22.899 - RealTimeSTT: realtimestt - DEBUG - WebRTC VAD voice activity detection engine initialized successfully
2026-04-21 15:29:23.116 - RealTimeSTT: realtimestt - DEBUG - Silero VAD voice activity detection engine initialized successfully
2026-04-21 15:29:23.116 - RealTimeSTT: realtimestt - DEBUG - Starting realtime worker
2026-04-21 15:29:23.116 - RealTimeSTT: realtimestt - DEBUG - Waiting for main transcription model to start
2026-04-21 15:29:23.217 - RealTimeSTT: realtimestt - DEBUG - No device index supplied; using default device 26
2026-04-21 15:29:23.218 - RealTimeSTT: realtimestt - DEBUG - Retrieving highest sample rate for device index 26: {'index': 26, 'structVersion': 2, 'name': 'default', 'hostApi': 0, 'maxInputChannels': 128, 'maxOutputChannels': 128, 'defaultLowInputLatency': 0.008707482993197279, 'defaultLowOutputLatency': 0.008707482993197279, 'defaultHighInputLatency': 0.034829931972789115, 'defaultHighOutputLatency': 0.034829931972789115, 'defaultSampleRate': 44100.0}
2026-04-21 15:29:23.218 - RealTimeSTT: realtimestt - DEBUG - Highest supported sample rate for device index 26 is 44100
2026-04-21 15:29:23.218 - RealTimeSTT: realtimestt - DEBUG - Sample rates to try for device 26: [16000, 44100]
2026-04-21 15:29:23.218 - RealTimeSTT: realtimestt - DEBUG - Attempting to initialize audio stream at 16000 Hz.
2026-04-21 15:29:23.218 - RealTimeSTT: realtimestt - DEBUG - Found 33 total audio devices on the system.
2026-04-21 15:29:23.218 - RealTimeSTT: realtimestt - DEBUG - Available input devices with input channels: [0, 1, 3, 10, 14, 15, 16, 17, 18, 19, 20, 22, 23, 24, 26, 27, 28, 29, 30, 31, 32]
2026-04-21 15:29:23.218 - RealTimeSTT: realtimestt - DEBUG - Validating device index 26 with info: {'index': 26, 'structVersion': 2, 'name': 'default', 'hostApi': 0, 'maxInputChannels': 128, 'maxOutputChannels': 128, 'defaultLowInputLatency': 0.008707482993197279, 'defaultLowOutputLatency': 0.008707482993197279, 'defaultHighInputLatency': 0.034829931972789115, 'defaultHighOutputLatency': 0.034829931972789115, 'defaultSampleRate': 44100.0}
2026-04-21 15:29:23.330 - RealTimeSTT: realtimestt - DEBUG - Device index 26 successfully validated.
2026-04-21 15:29:23.331 - RealTimeSTT: realtimestt - DEBUG - Opening stream with device index 26, sample_rate=16000, chunk_size=1024
2026-04-21 15:29:23.385 - RealTimeSTT: realtimestt - INFO - Microphone connected and validated (device index: 26, sample rate: 16000, chunk size: 1024)
2026-04-21 15:29:23.385 - RealTimeSTT: realtimestt - DEBUG - Audio recording initialized successfully at 16000 Hz, reading 1024 frames at a time
2026-04-21 15:29:24.486 - RealTimeSTT: realtimestt - DEBUG - _audio_data_worker writing audio data into queue.
2026-04-21 15:29:25.512 - RealTimeSTT: realtimestt - DEBUG - _audio_data_worker writing audio data into queue.
2026-04-21 15:29:26.143 - RealTimeSTT: realtimestt - DEBUG - Debug: Caught exception in main try block
2026-04-21 15:29:26.144 - RealTimeSTT: realtimestt - ERROR - Unhandled exeption in _recording_worker: handle is closed
Traceback (most recent call last):
  File "/home/chaos/proyectos/kateto/.venv/lib/python3.13/site-packages/RealtimeSTT/audio_recorder.py", line 1919, in _recording_worker
    data = self.audio_queue.get(timeout=0.01)
  File "/home/chaos/.local/share/uv/python/cpython-3.13.12-linux-x86_64-gnu/lib/python3.13/multiprocessing/queues.py", line 111, in get
    if not self._poll(timeout):
           ~~~~~~~~~~^^^^^^^^^
  File "/home/chaos/.local/share/uv/python/cpython-3.13.12-linux-x86_64-gnu/lib/python3.13/multiprocessing/connection.py", line 255, in poll
    self._check_closed()
    ~~~~~~~~~~~~~~~~~~^^
  File "/home/chaos/.local/share/uv/python/cpython-3.13.12-linux-x86_64-gnu/lib/python3.13/multiprocessing/connection.py", line 137, in _check_closed
    raise OSError("handle is closed")
OSError: handle is closed
2026-04-21 15:30:54.783 - RealTimeSTT: realtimestt - INFO - Starting RealTimeSTT
2026-04-21 15:30:54.808 - RealTimeSTT: realtimestt - INFO - Initializing audio recording (creating pyAudio input stream, sample rate: 16000 buffer size: 512
2026-04-21 15:30:54.809 - RealTimeSTT: realtimestt - DEBUG - Starting audio data worker with target_sample_rate=16000, buffer_size=512, input_device_index=None
2026-04-21 15:30:54.809 - RealTimeSTT: realtimestt - INFO - Initializing WebRTC voice with Sensitivity 3
2026-04-21 15:30:54.809 - RealTimeSTT: realtimestt - DEBUG - Creating PyAudio interface...
2026-04-21 15:30:54.809 - RealTimeSTT: realtimestt - DEBUG - WebRTC VAD voice activity detection engine initialized successfully
2026-04-21 15:30:55.115 - RealTimeSTT: realtimestt - DEBUG - No device index supplied; using default device 21
2026-04-21 15:30:55.115 - RealTimeSTT: realtimestt - DEBUG - Retrieving highest sample rate for device index 21: {'index': 21, 'structVersion': 2, 'name': 'default', 'hostApi': 0, 'maxInputChannels': 128, 'maxOutputChannels': 128, 'defaultLowInputLatency': 0.008707482993197279, 'defaultLowOutputLatency': 0.008707482993197279, 'defaultHighInputLatency': 0.034829931972789115, 'defaultHighOutputLatency': 0.034829931972789115, 'defaultSampleRate': 44100.0}
2026-04-21 15:30:55.115 - RealTimeSTT: realtimestt - DEBUG - Highest supported sample rate for device index 21 is 44100
2026-04-21 15:30:55.115 - RealTimeSTT: realtimestt - DEBUG - Sample rates to try for device 21: [16000, 44100]
2026-04-21 15:30:55.115 - RealTimeSTT: realtimestt - DEBUG - Attempting to initialize audio stream at 16000 Hz.
2026-04-21 15:30:55.115 - RealTimeSTT: realtimestt - DEBUG - Found 28 total audio devices on the system.
2026-04-21 15:30:55.115 - RealTimeSTT: realtimestt - DEBUG - Available input devices with input channels: [0, 1, 3, 10, 11, 12, 13, 14, 15, 16, 17, 18, 19, 20, 21, 22, 23, 24, 25, 26, 27]
2026-04-21 15:30:55.115 - RealTimeSTT: realtimestt - DEBUG - Validating device index 21 with info: {'index': 21, 'structVersion': 2, 'name': 'default', 'hostApi': 0, 'maxInputChannels': 128, 'maxOutputChannels': 128, 'defaultLowInputLatency': 0.008707482993197279, 'defaultLowOutputLatency': 0.008707482993197279, 'defaultHighInputLatency': 0.034829931972789115, 'defaultHighOutputLatency': 0.034829931972789115, 'defaultSampleRate': 44100.0}
2026-04-21 15:30:55.226 - RealTimeSTT: realtimestt - DEBUG - Device index 21 successfully validated.
2026-04-21 15:30:55.226 - RealTimeSTT: realtimestt - DEBUG - Opening stream with device index 21, sample_rate=16000, chunk_size=1024
2026-04-21 15:30:55.277 - RealTimeSTT: realtimestt - INFO - Microphone connected and validated (device index: 21, sample rate: 16000, chunk size: 1024)
2026-04-21 15:30:55.277 - RealTimeSTT: realtimestt - DEBUG - Audio recording initialized successfully at 16000 Hz, reading 1024 frames at a time
2026-04-21 15:30:55.367 - RealTimeSTT: realtimestt - DEBUG - Silero VAD voice activity detection engine initialized successfully
2026-04-21 15:30:55.367 - RealTimeSTT: realtimestt - DEBUG - Starting realtime worker
2026-04-21 15:30:55.367 - RealTimeSTT: realtimestt - DEBUG - Waiting for main transcription model to start
2026-04-21 15:30:56.381 - RealTimeSTT: realtimestt - DEBUG - _audio_data_worker writing audio data into queue.
2026-04-21 15:30:57.407 - RealTimeSTT: realtimestt - DEBUG - _audio_data_worker writing audio data into queue.
2026-04-21 15:30:58.431 - RealTimeSTT: realtimestt - DEBUG - _audio_data_worker writing audio data into queue.
2026-04-21 15:30:59.454 - RealTimeSTT: realtimestt - DEBUG - _audio_data_worker writing audio data into queue.
2026-04-21 15:31:00.477 - RealTimeSTT: realtimestt - DEBUG - _audio_data_worker writing audio data into queue.
2026-04-21 15:31:01.501 - RealTimeSTT: realtimestt - DEBUG - _audio_data_worker writing audio data into queue.
2026-04-21 15:31:02.525 - RealTimeSTT: realtimestt - DEBUG - _audio_data_worker writing audio data into queue.
2026-04-21 15:31:03.549 - RealTimeSTT: realtimestt - DEBUG - _audio_data_worker writing audio data into queue.
2026-04-21 15:31:04.573 - RealTimeSTT: realtimestt - DEBUG - _audio_data_worker writing audio data into queue.
2026-04-21 15:31:05.597 - RealTimeSTT: realtimestt - DEBUG - _audio_data_worker writing audio data into queue.
2026-04-21 15:31:06.621 - RealTimeSTT: realtimestt - DEBUG - _audio_data_worker writing audio data into queue.
2026-04-21 15:31:07.644 - RealTimeSTT: realtimestt - DEBUG - _audio_data_worker writing audio data into queue.
2026-04-21 15:31:08.668 - RealTimeSTT: realtimestt - DEBUG - _audio_data_worker writing audio data into queue.
2026-04-21 15:31:09.692 - RealTimeSTT: realtimestt - DEBUG - _audio_data_worker writing audio data into queue.
2026-04-21 15:31:10.716 - RealTimeSTT: realtimestt - DEBUG - _audio_data_worker writing audio data into queue.
2026-04-21 15:31:10.820 - RealTimeSTT: realtimestt - DEBUG - Debug: Caught exception in main try block
2026-04-21 15:32:33.919 - RealTimeSTT: realtimestt - INFO - Starting RealTimeSTT
2026-04-21 15:32:33.942 - RealTimeSTT: realtimestt - INFO - Initializing audio recording (creating pyAudio input stream, sample rate: 16000 buffer size: 512
2026-04-21 15:32:33.942 - RealTimeSTT: realtimestt - DEBUG - Starting audio data worker with target_sample_rate=16000, buffer_size=512, input_device_index=None
2026-04-21 15:32:33.942 - RealTimeSTT: realtimestt - INFO - Initializing WebRTC voice with Sensitivity 3
2026-04-21 15:32:33.942 - RealTimeSTT: realtimestt - DEBUG - Creating PyAudio interface...
2026-04-21 15:32:33.942 - RealTimeSTT: realtimestt - DEBUG - WebRTC VAD voice activity detection engine initialized successfully
2026-04-21 15:32:34.252 - RealTimeSTT: realtimestt - DEBUG - No device index supplied; using default device 21
2026-04-21 15:32:34.252 - RealTimeSTT: realtimestt - DEBUG - Retrieving highest sample rate for device index 21: {'index': 21, 'structVersion': 2, 'name': 'default', 'hostApi': 0, 'maxInputChannels': 128, 'maxOutputChannels': 128, 'defaultLowInputLatency': 0.008707482993197279, 'defaultLowOutputLatency': 0.008707482993197279, 'defaultHighInputLatency': 0.034829931972789115, 'defaultHighOutputLatency': 0.034829931972789115, 'defaultSampleRate': 44100.0}
2026-04-21 15:32:34.252 - RealTimeSTT: realtimestt - DEBUG - Highest supported sample rate for device index 21 is 44100
2026-04-21 15:32:34.252 - RealTimeSTT: realtimestt - DEBUG - Sample rates to try for device 21: [16000, 44100]
2026-04-21 15:32:34.252 - RealTimeSTT: realtimestt - DEBUG - Attempting to initialize audio stream at 16000 Hz.
2026-04-21 15:32:34.252 - RealTimeSTT: realtimestt - DEBUG - Found 28 total audio devices on the system.
2026-04-21 15:32:34.252 - RealTimeSTT: realtimestt - DEBUG - Available input devices with input channels: [0, 1, 3, 10, 11, 12, 13, 14, 15, 16, 17, 18, 19, 20, 21, 22, 23, 24, 25, 26, 27]
2026-04-21 15:32:34.252 - RealTimeSTT: realtimestt - DEBUG - Validating device index 21 with info: {'index': 21, 'structVersion': 2, 'name': 'default', 'hostApi': 0, 'maxInputChannels': 128, 'maxOutputChannels': 128, 'defaultLowInputLatency': 0.008707482993197279, 'defaultLowOutputLatency': 0.008707482993197279, 'defaultHighInputLatency': 0.034829931972789115, 'defaultHighOutputLatency': 0.034829931972789115, 'defaultSampleRate': 44100.0}
2026-04-21 15:32:34.356 - RealTimeSTT: realtimestt - DEBUG - Device index 21 successfully validated.
2026-04-21 15:32:34.356 - RealTimeSTT: realtimestt - DEBUG - Opening stream with device index 21, sample_rate=16000, chunk_size=1024
2026-04-21 15:32:34.382 - RealTimeSTT: realtimestt - INFO - Microphone connected and validated (device index: 21, sample rate: 16000, chunk size: 1024)
2026-04-21 15:32:34.382 - RealTimeSTT: realtimestt - DEBUG - Audio recording initialized successfully at 16000 Hz, reading 1024 frames at a time
2026-04-21 15:32:34.458 - RealTimeSTT: realtimestt - DEBUG - Silero VAD voice activity detection engine initialized successfully
2026-04-21 15:32:34.458 - RealTimeSTT: realtimestt - DEBUG - Starting realtime worker
2026-04-21 15:32:34.458 - RealTimeSTT: realtimestt - DEBUG - Waiting for main transcription model to start
2026-04-21 15:32:35.473 - RealTimeSTT: realtimestt - DEBUG - _audio_data_worker writing audio data into queue.
2026-04-21 15:32:41.555 - RealTimeSTT: realtimestt - INFO - Starting RealTimeSTT
2026-04-21 15:32:41.579 - RealTimeSTT: realtimestt - INFO - Initializing audio recording (creating pyAudio input stream, sample rate: 16000 buffer size: 512
2026-04-21 15:32:41.579 - RealTimeSTT: realtimestt - DEBUG - Starting audio data worker with target_sample_rate=16000, buffer_size=512, input_device_index=None
2026-04-21 15:32:41.579 - RealTimeSTT: realtimestt - INFO - Initializing WebRTC voice with Sensitivity 3
2026-04-21 15:32:41.579 - RealTimeSTT: realtimestt - DEBUG - Creating PyAudio interface...
2026-04-21 15:32:41.579 - RealTimeSTT: realtimestt - DEBUG - WebRTC VAD voice activity detection engine initialized successfully
2026-04-21 15:32:41.643 - RealTimeSTT: realtimestt - DEBUG - No device index supplied; using default device 12
2026-04-21 15:32:41.643 - RealTimeSTT: realtimestt - DEBUG - Retrieving highest sample rate for device index 12: {'index': 12, 'structVersion': 2, 'name': 'default', 'hostApi': 0, 'maxInputChannels': 128, 'maxOutputChannels': 128, 'defaultLowInputLatency': 0.008707482993197279, 'defaultLowOutputLatency': 0.008707482993197279, 'defaultHighInputLatency': 0.034829931972789115, 'defaultHighOutputLatency': 0.034829931972789115, 'defaultSampleRate': 44100.0}
2026-04-21 15:32:41.643 - RealTimeSTT: realtimestt - DEBUG - Highest supported sample rate for device index 12 is 44100
2026-04-21 15:32:41.643 - RealTimeSTT: realtimestt - DEBUG - Sample rates to try for device 12: [16000, 44100]
2026-04-21 15:32:41.643 - RealTimeSTT: realtimestt - DEBUG - Attempting to initialize audio stream at 16000 Hz.
2026-04-21 15:32:41.643 - RealTimeSTT: realtimestt - DEBUG - Found 19 total audio devices on the system.
2026-04-21 15:32:41.643 - RealTimeSTT: realtimestt - DEBUG - Available input devices with input channels: [0, 2, 9, 10, 11, 12, 13, 14, 15, 16, 17, 18]
2026-04-21 15:32:41.643 - RealTimeSTT: realtimestt - DEBUG - Validating device index 12 with info: {'index': 12, 'structVersion': 2, 'name': 'default', 'hostApi': 0, 'maxInputChannels': 128, 'maxOutputChannels': 128, 'defaultLowInputLatency': 0.008707482993197279, 'defaultLowOutputLatency': 0.008707482993197279, 'defaultHighInputLatency': 0.034829931972789115, 'defaultHighOutputLatency': 0.034829931972789115, 'defaultSampleRate': 44100.0}
2026-04-21 15:32:41.742 - RealTimeSTT: realtimestt - DEBUG - Device index 12 successfully validated.
2026-04-21 15:32:41.742 - RealTimeSTT: realtimestt - DEBUG - Opening stream with device index 12, sample_rate=16000, chunk_size=1024
2026-04-21 15:32:41.808 - RealTimeSTT: realtimestt - DEBUG - Silero VAD voice activity detection engine initialized successfully
2026-04-21 15:32:41.808 - RealTimeSTT: realtimestt - INFO - Microphone connected and validated (device index: 12, sample rate: 16000, chunk size: 1024)
2026-04-21 15:32:41.808 - RealTimeSTT: realtimestt - DEBUG - Audio recording initialized successfully at 16000 Hz, reading 1024 frames at a time
2026-04-21 15:32:41.808 - RealTimeSTT: realtimestt - DEBUG - Starting realtime worker
2026-04-21 15:32:41.808 - RealTimeSTT: realtimestt - DEBUG - Waiting for main transcription model to start
2026-04-21 15:32:42.903 - RealTimeSTT: realtimestt - DEBUG - _audio_data_worker writing audio data into queue.
2026-04-21 15:32:43.929 - RealTimeSTT: realtimestt - DEBUG - _audio_data_worker writing audio data into queue.
2026-04-21 15:32:44.953 - RealTimeSTT: realtimestt - DEBUG - _audio_data_worker writing audio data into queue.
2026-04-21 15:32:45.976 - RealTimeSTT: realtimestt - DEBUG - _audio_data_worker writing audio data into queue.
2026-04-21 15:32:46.999 - RealTimeSTT: realtimestt - DEBUG - _audio_data_worker writing audio data into queue.
2026-04-21 15:32:48.023 - RealTimeSTT: realtimestt - DEBUG - _audio_data_worker writing audio data into queue.
2026-04-21 15:32:48.516 - RealTimeSTT: realtimestt - DEBUG - Debug: Caught exception in main try block
2026-04-21 15:42:43.024 - RealTimeSTT: realtimestt - INFO - Starting RealTimeSTT
2026-04-21 15:42:43.048 - RealTimeSTT: realtimestt - INFO - Initializing audio recording (creating pyAudio input stream, sample rate: 16000 buffer size: 512
2026-04-21 15:42:43.048 - RealTimeSTT: realtimestt - DEBUG - Starting audio data worker with target_sample_rate=16000, buffer_size=512, input_device_index=None
2026-04-21 15:42:43.048 - RealTimeSTT: realtimestt - DEBUG - Creating PyAudio interface...
2026-04-21 15:42:43.048 - RealTimeSTT: realtimestt - INFO - Initializing WebRTC voice with Sensitivity 3
2026-04-21 15:42:43.048 - RealTimeSTT: realtimestt - DEBUG - WebRTC VAD voice activity detection engine initialized successfully
2026-04-21 15:42:43.279 - RealTimeSTT: realtimestt - DEBUG - Silero VAD voice activity detection engine initialized successfully
2026-04-21 15:42:43.280 - RealTimeSTT: realtimestt - DEBUG - Starting realtime worker
2026-04-21 15:42:43.280 - RealTimeSTT: realtimestt - DEBUG - Waiting for main transcription model to start
2026-04-21 15:42:43.343 - RealTimeSTT: realtimestt - DEBUG - No device index supplied; using default device 12
2026-04-21 15:42:43.343 - RealTimeSTT: realtimestt - DEBUG - Retrieving highest sample rate for device index 12: {'index': 12, 'structVersion': 2, 'name': 'default', 'hostApi': 0, 'maxInputChannels': 128, 'maxOutputChannels': 128, 'defaultLowInputLatency': 0.008707482993197279, 'defaultLowOutputLatency': 0.008707482993197279, 'defaultHighInputLatency': 0.034829931972789115, 'defaultHighOutputLatency': 0.034829931972789115, 'defaultSampleRate': 44100.0}
2026-04-21 15:42:43.343 - RealTimeSTT: realtimestt - DEBUG - Highest supported sample rate for device index 12 is 44100
2026-04-21 15:42:43.344 - RealTimeSTT: realtimestt - DEBUG - Sample rates to try for device 12: [16000, 44100]
2026-04-21 15:42:43.344 - RealTimeSTT: realtimestt - DEBUG - Attempting to initialize audio stream at 16000 Hz.
2026-04-21 15:42:43.344 - RealTimeSTT: realtimestt - DEBUG - Found 20 total audio devices on the system.
2026-04-21 15:42:43.344 - RealTimeSTT: realtimestt - DEBUG - Available input devices with input channels: [0, 2, 9, 10, 11, 12, 13, 14, 15, 16, 17, 18, 19]
2026-04-21 15:42:43.344 - RealTimeSTT: realtimestt - DEBUG - Validating device index 12 with info: {'index': 12, 'structVersion': 2, 'name': 'default', 'hostApi': 0, 'maxInputChannels': 128, 'maxOutputChannels': 128, 'defaultLowInputLatency': 0.008707482993197279, 'defaultLowOutputLatency': 0.008707482993197279, 'defaultHighInputLatency': 0.034829931972789115, 'defaultHighOutputLatency': 0.034829931972789115, 'defaultSampleRate': 44100.0}
2026-04-21 15:42:43.434 - RealTimeSTT: realtimestt - DEBUG - Device index 12 successfully validated.
2026-04-21 15:42:43.434 - RealTimeSTT: realtimestt - DEBUG - Opening stream with device index 12, sample_rate=16000, chunk_size=1024
2026-04-21 15:42:43.450 - RealTimeSTT: realtimestt - INFO - Microphone connected and validated (device index: 12, sample rate: 16000, chunk size: 1024)
2026-04-21 15:42:43.451 - RealTimeSTT: realtimestt - DEBUG - Audio recording initialized successfully at 16000 Hz, reading 1024 frames at a time
2026-04-21 15:42:44.541 - RealTimeSTT: realtimestt - DEBUG - _audio_data_worker writing audio data into queue.
2026-04-21 15:42:45.565 - RealTimeSTT: realtimestt - DEBUG - _audio_data_worker writing audio data into queue.
2026-04-21 15:42:46.590 - RealTimeSTT: realtimestt - DEBUG - _audio_data_worker writing audio data into queue.
2026-04-21 15:42:47.613 - RealTimeSTT: realtimestt - DEBUG - _audio_data_worker writing audio data into queue.
2026-04-21 15:42:48.638 - RealTimeSTT: realtimestt - DEBUG - _audio_data_worker writing audio data into queue.
2026-04-21 15:42:49.021 - RealTimeSTT: realtimestt - DEBUG - Debug: Caught exception in main try block
2026-04-21 15:43:12.115 - RealTimeSTT: realtimestt - INFO - Starting RealTimeSTT
2026-04-21 15:43:12.139 - RealTimeSTT: realtimestt - INFO - Initializing audio recording (creating pyAudio input stream, sample rate: 16000 buffer size: 512
2026-04-21 15:43:12.139 - RealTimeSTT: realtimestt - DEBUG - Starting audio data worker with target_sample_rate=16000, buffer_size=512, input_device_index=None
2026-04-21 15:43:12.139 - RealTimeSTT: realtimestt - INFO - Initializing WebRTC voice with Sensitivity 3
2026-04-21 15:43:12.139 - RealTimeSTT: realtimestt - DEBUG - Creating PyAudio interface...
2026-04-21 15:43:12.139 - RealTimeSTT: realtimestt - DEBUG - WebRTC VAD voice activity detection engine initialized successfully
2026-04-21 15:43:12.357 - RealTimeSTT: realtimestt - DEBUG - Silero VAD voice activity detection engine initialized successfully
2026-04-21 15:43:12.357 - RealTimeSTT: realtimestt - DEBUG - Starting realtime worker
2026-04-21 15:43:12.357 - RealTimeSTT: realtimestt - DEBUG - Waiting for main transcription model to start
2026-04-21 15:43:12.439 - RealTimeSTT: realtimestt - DEBUG - No device index supplied; using default device 12
2026-04-21 15:43:12.439 - RealTimeSTT: realtimestt - DEBUG - Retrieving highest sample rate for device index 12: {'index': 12, 'structVersion': 2, 'name': 'default', 'hostApi': 0, 'maxInputChannels': 128, 'maxOutputChannels': 128, 'defaultLowInputLatency': 0.008707482993197279, 'defaultLowOutputLatency': 0.008707482993197279, 'defaultHighInputLatency': 0.034829931972789115, 'defaultHighOutputLatency': 0.034829931972789115, 'defaultSampleRate': 44100.0}
2026-04-21 15:43:12.439 - RealTimeSTT: realtimestt - DEBUG - Highest supported sample rate for device index 12 is 44100
2026-04-21 15:43:12.439 - RealTimeSTT: realtimestt - DEBUG - Sample rates to try for device 12: [16000, 44100]
2026-04-21 15:43:12.439 - RealTimeSTT: realtimestt - DEBUG - Attempting to initialize audio stream at 16000 Hz.
2026-04-21 15:43:12.439 - RealTimeSTT: realtimestt - DEBUG - Found 20 total audio devices on the system.
2026-04-21 15:43:12.439 - RealTimeSTT: realtimestt - DEBUG - Available input devices with input channels: [0, 2, 9, 10, 11, 12, 13, 14, 15, 16, 17, 18, 19]
2026-04-21 15:43:12.439 - RealTimeSTT: realtimestt - DEBUG - Validating device index 12 with info: {'index': 12, 'structVersion': 2, 'name': 'default', 'hostApi': 0, 'maxInputChannels': 128, 'maxOutputChannels': 128, 'defaultLowInputLatency': 0.008707482993197279, 'defaultLowOutputLatency': 0.008707482993197279, 'defaultHighInputLatency': 0.034829931972789115, 'defaultHighOutputLatency': 0.034829931972789115, 'defaultSampleRate': 44100.0}
2026-04-21 15:43:12.532 - RealTimeSTT: realtimestt - DEBUG - Device index 12 successfully validated.
2026-04-21 15:43:12.532 - RealTimeSTT: realtimestt - DEBUG - Opening stream with device index 12, sample_rate=16000, chunk_size=1024
2026-04-21 15:43:12.549 - RealTimeSTT: realtimestt - INFO - Microphone connected and validated (device index: 12, sample rate: 16000, chunk size: 1024)
2026-04-21 15:43:12.549 - RealTimeSTT: realtimestt - DEBUG - Audio recording initialized successfully at 16000 Hz, reading 1024 frames at a time
2026-04-21 15:43:13.641 - RealTimeSTT: realtimestt - DEBUG - _audio_data_worker writing audio data into queue.
2026-04-21 15:43:14.277 - RealTimeSTT: realtimestt - DEBUG - Debug: Caught exception in main try block
2026-04-21 15:56:08.174 - RealTimeSTT: realtimestt - INFO - Starting RealTimeSTT
2026-04-21 15:56:19.053 - RealTimeSTT: realtimestt - INFO - Starting RealTimeSTT
2026-04-21 15:56:19.077 - RealTimeSTT: realtimestt - INFO - Initializing audio recording (creating pyAudio input stream, sample rate: 16000 buffer size: 512
2026-04-21 15:56:19.077 - RealTimeSTT: realtimestt - DEBUG - Starting audio data worker with target_sample_rate=16000, buffer_size=512, input_device_index=None
2026-04-21 15:56:19.077 - RealTimeSTT: realtimestt - INFO - Initializing WebRTC voice with Sensitivity 3
2026-04-21 15:56:19.077 - RealTimeSTT: realtimestt - DEBUG - Creating PyAudio interface...
2026-04-21 15:56:19.077 - RealTimeSTT: realtimestt - DEBUG - WebRTC VAD voice activity detection engine initialized successfully
2026-04-21 15:56:19.290 - RealTimeSTT: realtimestt - DEBUG - Silero VAD voice activity detection engine initialized successfully
2026-04-21 15:56:19.291 - RealTimeSTT: realtimestt - DEBUG - Starting realtime worker
2026-04-21 15:56:19.291 - RealTimeSTT: realtimestt - DEBUG - Waiting for main transcription model to start
2026-04-21 15:56:19.389 - RealTimeSTT: realtimestt - DEBUG - No device index supplied; using default device 21
2026-04-21 15:56:19.389 - RealTimeSTT: realtimestt - DEBUG - Retrieving highest sample rate for device index 21: {'index': 21, 'structVersion': 2, 'name': 'default', 'hostApi': 0, 'maxInputChannels': 128, 'maxOutputChannels': 128, 'defaultLowInputLatency': 0.008707482993197279, 'defaultLowOutputLatency': 0.008707482993197279, 'defaultHighInputLatency': 0.034829931972789115, 'defaultHighOutputLatency': 0.034829931972789115, 'defaultSampleRate': 44100.0}
2026-04-21 15:56:19.389 - RealTimeSTT: realtimestt - DEBUG - Highest supported sample rate for device index 21 is 44100
2026-04-21 15:56:19.389 - RealTimeSTT: realtimestt - DEBUG - Sample rates to try for device 21: [16000, 44100]
2026-04-21 15:56:19.389 - RealTimeSTT: realtimestt - DEBUG - Attempting to initialize audio stream at 16000 Hz.
2026-04-21 15:56:19.389 - RealTimeSTT: realtimestt - DEBUG - Found 28 total audio devices on the system.
2026-04-21 15:56:19.389 - RealTimeSTT: realtimestt - DEBUG - Available input devices with input channels: [0, 1, 3, 10, 11, 12, 13, 14, 15, 16, 17, 18, 19, 20, 21, 22, 23, 24, 25, 26, 27]
2026-04-21 15:56:19.389 - RealTimeSTT: realtimestt - DEBUG - Validating device index 21 with info: {'index': 21, 'structVersion': 2, 'name': 'default', 'hostApi': 0, 'maxInputChannels': 128, 'maxOutputChannels': 128, 'defaultLowInputLatency': 0.008707482993197279, 'defaultLowOutputLatency': 0.008707482993197279, 'defaultHighInputLatency': 0.034829931972789115, 'defaultHighOutputLatency': 0.034829931972789115, 'defaultSampleRate': 44100.0}
2026-04-21 15:56:19.495 - RealTimeSTT: realtimestt - DEBUG - Device index 21 successfully validated.
2026-04-21 15:56:19.495 - RealTimeSTT: realtimestt - DEBUG - Opening stream with device index 21, sample_rate=16000, chunk_size=1024
2026-04-21 15:56:19.515 - RealTimeSTT: realtimestt - INFO - Microphone connected and validated (device index: 21, sample rate: 16000, chunk size: 1024)
2026-04-21 15:56:19.515 - RealTimeSTT: realtimestt - DEBUG - Audio recording initialized successfully at 16000 Hz, reading 1024 frames at a time
2026-04-21 15:56:20.612 - RealTimeSTT: realtimestt - DEBUG - _audio_data_worker writing audio data into queue.
2026-04-21 15:56:21.124 - RealTimeSTT: realtimestt - DEBUG - Debug: Caught exception in main try block
2026-04-21 15:59:50.059 - RealTimeSTT: realtimestt - INFO - Starting RealTimeSTT
2026-04-21 15:59:50.082 - RealTimeSTT: realtimestt - INFO - Initializing audio recording (creating pyAudio input stream, sample rate: 16000 buffer size: 512
2026-04-21 15:59:50.082 - RealTimeSTT: realtimestt - DEBUG - Starting audio data worker with target_sample_rate=16000, buffer_size=512, input_device_index=None
2026-04-21 15:59:50.082 - RealTimeSTT: realtimestt - INFO - Initializing WebRTC voice with Sensitivity 3
2026-04-21 15:59:50.082 - RealTimeSTT: realtimestt - DEBUG - Creating PyAudio interface...
2026-04-21 15:59:50.082 - RealTimeSTT: realtimestt - DEBUG - WebRTC VAD voice activity detection engine initialized successfully
2026-04-21 15:59:50.395 - RealTimeSTT: realtimestt - DEBUG - No device index supplied; using default device 21
2026-04-21 15:59:50.395 - RealTimeSTT: realtimestt - DEBUG - Retrieving highest sample rate for device index 21: {'index': 21, 'structVersion': 2, 'name': 'default', 'hostApi': 0, 'maxInputChannels': 128, 'maxOutputChannels': 128, 'defaultLowInputLatency': 0.008707482993197279, 'defaultLowOutputLatency': 0.008707482993197279, 'defaultHighInputLatency': 0.034829931972789115, 'defaultHighOutputLatency': 0.034829931972789115, 'defaultSampleRate': 44100.0}
2026-04-21 15:59:50.395 - RealTimeSTT: realtimestt - DEBUG - Highest supported sample rate for device index 21 is 44100
2026-04-21 15:59:50.395 - RealTimeSTT: realtimestt - DEBUG - Sample rates to try for device 21: [16000, 44100]
2026-04-21 15:59:50.395 - RealTimeSTT: realtimestt - DEBUG - Attempting to initialize audio stream at 16000 Hz.
2026-04-21 15:59:50.395 - RealTimeSTT: realtimestt - DEBUG - Found 28 total audio devices on the system.
2026-04-21 15:59:50.395 - RealTimeSTT: realtimestt - DEBUG - Available input devices with input channels: [0, 1, 3, 10, 11, 12, 13, 14, 15, 16, 17, 18, 19, 20, 21, 22, 23, 24, 25, 26, 27]
2026-04-21 15:59:50.395 - RealTimeSTT: realtimestt - DEBUG - Validating device index 21 with info: {'index': 21, 'structVersion': 2, 'name': 'default', 'hostApi': 0, 'maxInputChannels': 128, 'maxOutputChannels': 128, 'defaultLowInputLatency': 0.008707482993197279, 'defaultLowOutputLatency': 0.008707482993197279, 'defaultHighInputLatency': 0.034829931972789115, 'defaultHighOutputLatency': 0.034829931972789115, 'defaultSampleRate': 44100.0}
2026-04-21 15:59:50.501 - RealTimeSTT: realtimestt - DEBUG - Device index 21 successfully validated.
2026-04-21 15:59:50.502 - RealTimeSTT: realtimestt - DEBUG - Opening stream with device index 21, sample_rate=16000, chunk_size=1024
2026-04-21 15:59:50.519 - RealTimeSTT: realtimestt - INFO - Microphone connected and validated (device index: 21, sample rate: 16000, chunk size: 1024)
2026-04-21 15:59:50.519 - RealTimeSTT: realtimestt - DEBUG - Audio recording initialized successfully at 16000 Hz, reading 1024 frames at a time
2026-04-21 15:59:50.605 - RealTimeSTT: realtimestt - DEBUG - Silero VAD voice activity detection engine initialized successfully
2026-04-21 15:59:50.605 - RealTimeSTT: realtimestt - DEBUG - Starting realtime worker
2026-04-21 15:59:50.605 - RealTimeSTT: realtimestt - DEBUG - Waiting for main transcription model to start
2026-04-21 15:59:51.618 - RealTimeSTT: realtimestt - DEBUG - _audio_data_worker writing audio data into queue.
2026-04-21 15:59:52.645 - RealTimeSTT: realtimestt - DEBUG - _audio_data_worker writing audio data into queue.
2026-04-21 15:59:53.669 - RealTimeSTT: realtimestt - DEBUG - _audio_data_worker writing audio data into queue.
2026-04-21 15:59:54.692 - RealTimeSTT: realtimestt - DEBUG - _audio_data_worker writing audio data into queue.
2026-04-21 15:59:55.715 - RealTimeSTT: realtimestt - DEBUG - _audio_data_worker writing audio data into queue.
2026-04-21 15:59:56.739 - RealTimeSTT: realtimestt - DEBUG - _audio_data_worker writing audio data into queue.
2026-04-21 15:59:57.763 - RealTimeSTT: realtimestt - DEBUG - _audio_data_worker writing audio data into queue.
2026-04-21 15:59:58.787 - RealTimeSTT: realtimestt - DEBUG - _audio_data_worker writing audio data into queue.
2026-04-21 15:59:59.810 - RealTimeSTT: realtimestt - DEBUG - _audio_data_worker writing audio data into queue.
2026-04-21 16:00:00.834 - RealTimeSTT: realtimestt - DEBUG - _audio_data_worker writing audio data into queue.
2026-04-21 16:00:01.858 - RealTimeSTT: realtimestt - DEBUG - _audio_data_worker writing audio data into queue.
2026-04-21 16:00:02.882 - RealTimeSTT: realtimestt - DEBUG - _audio_data_worker writing audio data into queue.
2026-04-21 16:00:03.906 - RealTimeSTT: realtimestt - DEBUG - _audio_data_worker writing audio data into queue.
2026-04-21 16:00:04.930 - RealTimeSTT: realtimestt - DEBUG - _audio_data_worker writing audio data into queue.
2026-04-21 16:00:05.956 - RealTimeSTT: realtimestt - DEBUG - _audio_data_worker writing audio data into queue.
2026-04-21 16:00:06.979 - RealTimeSTT: realtimestt - DEBUG - _audio_data_worker writing audio data into queue.
2026-04-21 16:00:08.002 - RealTimeSTT: realtimestt - DEBUG - _audio_data_worker writing audio data into queue.
2026-04-21 16:00:09.026 - RealTimeSTT: realtimestt - DEBUG - _audio_data_worker writing audio data into queue.
2026-04-21 16:00:10.050 - RealTimeSTT: realtimestt - DEBUG - _audio_data_worker writing audio data into queue.
2026-04-21 16:00:11.074 - RealTimeSTT: realtimestt - DEBUG - _audio_data_worker writing audio data into queue.
2026-04-21 16:00:12.098 - RealTimeSTT: realtimestt - DEBUG - _audio_data_worker writing audio data into queue.
2026-04-21 16:00:13.122 - RealTimeSTT: realtimestt - DEBUG - _audio_data_worker writing audio data into queue.
2026-04-21 16:00:14.146 - RealTimeSTT: realtimestt - DEBUG - _audio_data_worker writing audio data into queue.
2026-04-21 16:00:15.170 - RealTimeSTT: realtimestt - DEBUG - _audio_data_worker writing audio data into queue.
2026-04-21 16:00:16.194 - RealTimeSTT: realtimestt - DEBUG - _audio_data_worker writing audio data into queue.
2026-04-21 16:00:17.218 - RealTimeSTT: realtimestt - DEBUG - _audio_data_worker writing audio data into queue.
2026-04-21 16:00:18.242 - RealTimeSTT: realtimestt - DEBUG - _audio_data_worker writing audio data into queue.
2026-04-21 16:00:19.266 - RealTimeSTT: realtimestt - DEBUG - _audio_data_worker writing audio data into queue.
2026-04-21 16:00:20.290 - RealTimeSTT: realtimestt - DEBUG - _audio_data_worker writing audio data into queue.
2026-04-21 16:00:21.314 - RealTimeSTT: realtimestt - DEBUG - _audio_data_worker writing audio data into queue.
2026-04-21 16:00:22.338 - RealTimeSTT: realtimestt - DEBUG - _audio_data_worker writing audio data into queue.
2026-04-21 16:00:23.362 - RealTimeSTT: realtimestt - DEBUG - _audio_data_worker writing audio data into queue.
2026-04-21 16:00:24.386 - RealTimeSTT: realtimestt - DEBUG - _audio_data_worker writing audio data into queue.
2026-04-21 16:00:25.410 - RealTimeSTT: realtimestt - DEBUG - _audio_data_worker writing audio data into queue.
2026-04-21 16:00:26.434 - RealTimeSTT: realtimestt - DEBUG - _audio_data_worker writing audio data into queue.
2026-04-21 16:00:27.458 - RealTimeSTT: realtimestt - DEBUG - _audio_data_worker writing audio data into queue.
2026-04-21 16:00:28.482 - RealTimeSTT: realtimestt - DEBUG - _audio_data_worker writing audio data into queue.
2026-04-21 16:00:29.506 - RealTimeSTT: realtimestt - DEBUG - _audio_data_worker writing audio data into queue.
2026-04-21 16:00:30.530 - RealTimeSTT: realtimestt - DEBUG - _audio_data_worker writing audio data into queue.
2026-04-21 16:00:31.554 - RealTimeSTT: realtimestt - DEBUG - _audio_data_worker writing audio data into queue.
2026-04-21 16:00:32.578 - RealTimeSTT: realtimestt - DEBUG - _audio_data_worker writing audio data into queue.
2026-04-21 16:00:33.602 - RealTimeSTT: realtimestt - DEBUG - _audio_data_worker writing audio data into queue.
2026-04-21 16:00:34.626 - RealTimeSTT: realtimestt - DEBUG - _audio_data_worker writing audio data into queue.
2026-04-21 16:00:35.650 - RealTimeSTT: realtimestt - DEBUG - _audio_data_worker writing audio data into queue.
2026-04-21 16:00:36.674 - RealTimeSTT: realtimestt - DEBUG - _audio_data_worker writing audio data into queue.
2026-04-21 16:00:37.698 - RealTimeSTT: realtimestt - DEBUG - _audio_data_worker writing audio data into queue.
2026-04-21 16:00:38.722 - RealTimeSTT: realtimestt - DEBUG - _audio_data_worker writing audio data into queue.
2026-04-21 16:00:39.746 - RealTimeSTT: realtimestt - DEBUG - _audio_data_worker writing audio data into queue.
2026-04-21 16:00:40.770 - RealTimeSTT: realtimestt - DEBUG - _audio_data_worker writing audio data into queue.
2026-04-21 16:00:41.794 - RealTimeSTT: realtimestt - DEBUG - _audio_data_worker writing audio data into queue.
2026-04-21 16:00:42.818 - RealTimeSTT: realtimestt - DEBUG - _audio_data_worker writing audio data into queue.
2026-04-21 16:00:43.842 - RealTimeSTT: realtimestt - DEBUG - _audio_data_worker writing audio data into queue.
2026-04-21 16:00:44.866 - RealTimeSTT: realtimestt - DEBUG - _audio_data_worker writing audio data into queue.
2026-04-21 16:00:45.890 - RealTimeSTT: realtimestt - DEBUG - _audio_data_worker writing audio data into queue.
2026-04-21 16:00:46.914 - RealTimeSTT: realtimestt - DEBUG - _audio_data_worker writing audio data into queue.
2026-04-21 16:00:47.938 - RealTimeSTT: realtimestt - DEBUG - _audio_data_worker writing audio data into queue.
2026-04-21 16:00:48.962 - RealTimeSTT: realtimestt - DEBUG - _audio_data_worker writing audio data into queue.
2026-04-21 16:00:49.986 - RealTimeSTT: realtimestt - DEBUG - _audio_data_worker writing audio data into queue.
2026-04-21 16:00:51.010 - RealTimeSTT: realtimestt - DEBUG - _audio_data_worker writing audio data into queue.
2026-04-21 16:00:52.034 - RealTimeSTT: realtimestt - DEBUG - _audio_data_worker writing audio data into queue.
2026-04-21 16:00:53.058 - RealTimeSTT: realtimestt - DEBUG - _audio_data_worker writing audio data into queue.
2026-04-21 16:00:54.082 - RealTimeSTT: realtimestt - DEBUG - _audio_data_worker writing audio data into queue.
2026-04-21 16:00:55.106 - RealTimeSTT: realtimestt - DEBUG - _audio_data_worker writing audio data into queue.
2026-04-21 16:00:56.130 - RealTimeSTT: realtimestt - DEBUG - _audio_data_worker writing audio data into queue.
2026-04-21 16:00:57.154 - RealTimeSTT: realtimestt - DEBUG - _audio_data_worker writing audio data into queue.
2026-04-21 16:00:58.178 - RealTimeSTT: realtimestt - DEBUG - _audio_data_worker writing audio data into queue.
2026-04-21 16:00:59.202 - RealTimeSTT: realtimestt - DEBUG - _audio_data_worker writing audio data into queue.
2026-04-21 16:01:00.226 - RealTimeSTT: realtimestt - DEBUG - _audio_data_worker writing audio data into queue.
2026-04-21 16:01:01.250 - RealTimeSTT: realtimestt - DEBUG - _audio_data_worker writing audio data into queue.
2026-04-21 16:01:02.274 - RealTimeSTT: realtimestt - DEBUG - _audio_data_worker writing audio data into queue.
2026-04-21 16:01:03.298 - RealTimeSTT: realtimestt - DEBUG - _audio_data_worker writing audio data into queue.
2026-04-21 16:01:04.322 - RealTimeSTT: realtimestt - DEBUG - _audio_data_worker writing audio data into queue.
2026-04-21 16:01:05.346 - RealTimeSTT: realtimestt - DEBUG - _audio_data_worker writing audio data into queue.
2026-04-21 16:01:06.370 - RealTimeSTT: realtimestt - DEBUG - _audio_data_worker writing audio data into queue.
2026-04-21 16:01:07.394 - RealTimeSTT: realtimestt - DEBUG - _audio_data_worker writing audio data into queue.
2026-04-21 16:01:08.418 - RealTimeSTT: realtimestt - DEBUG - _audio_data_worker writing audio data into queue.
2026-04-21 16:01:09.442 - RealTimeSTT: realtimestt - DEBUG - _audio_data_worker writing audio data into queue.
2026-04-21 16:01:10.466 - RealTimeSTT: realtimestt - DEBUG - _audio_data_worker writing audio data into queue.
2026-04-21 16:01:11.490 - RealTimeSTT: realtimestt - DEBUG - _audio_data_worker writing audio data into queue.
2026-04-21 16:01:12.514 - RealTimeSTT: realtimestt - DEBUG - _audio_data_worker writing audio data into queue.
2026-04-21 16:01:13.538 - RealTimeSTT: realtimestt - DEBUG - _audio_data_worker writing audio data into queue.
2026-04-21 16:01:14.562 - RealTimeSTT: realtimestt - DEBUG - _audio_data_worker writing audio data into queue.
2026-04-21 16:01:15.586 - RealTimeSTT: realtimestt - DEBUG - _audio_data_worker writing audio data into queue.
2026-04-21 16:01:16.610 - RealTimeSTT: realtimestt - DEBUG - _audio_data_worker writing audio data into queue.
2026-04-21 16:01:17.634 - RealTimeSTT: realtimestt - DEBUG - _audio_data_worker writing audio data into queue.
2026-04-21 16:01:18.658 - RealTimeSTT: realtimestt - DEBUG - _audio_data_worker writing audio data into queue.
2026-04-21 16:01:19.121 - RealTimeSTT: realtimestt - DEBUG - Debug: Caught exception in main try block
2026-04-21 16:14:06.721 - RealTimeSTT: realtimestt - INFO - Starting RealTimeSTT
2026-04-21 16:14:06.725 - RealTimeSTT: realtimestt - INFO - Initializing audio recording (creating pyAudio input stream, sample rate: 16000 buffer size: 512
2026-04-21 16:14:06.725 - RealTimeSTT: realtimestt - DEBUG - Starting audio data worker with target_sample_rate=16000, buffer_size=512, input_device_index=None
2026-04-21 16:14:06.725 - RealTimeSTT: realtimestt - INFO - Initializing WebRTC voice with Sensitivity 3
2026-04-21 16:14:06.725 - RealTimeSTT: realtimestt - DEBUG - Creating PyAudio interface...
2026-04-21 16:14:06.725 - RealTimeSTT: realtimestt - DEBUG - WebRTC VAD voice activity detection engine initialized successfully
2026-04-21 16:14:07.048 - RealTimeSTT: realtimestt - DEBUG - No device index supplied; using default device 26
2026-04-21 16:14:07.048 - RealTimeSTT: realtimestt - DEBUG - Retrieving highest sample rate for device index 26: {'index': 26, 'structVersion': 2, 'name': 'default', 'hostApi': 0, 'maxInputChannels': 128, 'maxOutputChannels': 128, 'defaultLowInputLatency': 0.008707482993197279, 'defaultLowOutputLatency': 0.008707482993197279, 'defaultHighInputLatency': 0.034829931972789115, 'defaultHighOutputLatency': 0.034829931972789115, 'defaultSampleRate': 44100.0}
2026-04-21 16:14:07.048 - RealTimeSTT: realtimestt - DEBUG - Highest supported sample rate for device index 26 is 44100
2026-04-21 16:14:07.048 - RealTimeSTT: realtimestt - DEBUG - Sample rates to try for device 26: [16000, 44100]
2026-04-21 16:14:07.048 - RealTimeSTT: realtimestt - DEBUG - Attempting to initialize audio stream at 16000 Hz.
2026-04-21 16:14:07.048 - RealTimeSTT: realtimestt - DEBUG - Found 33 total audio devices on the system.
2026-04-21 16:14:07.048 - RealTimeSTT: realtimestt - DEBUG - Available input devices with input channels: [0, 1, 3, 10, 14, 15, 16, 17, 18, 19, 20, 22, 23, 24, 26, 27, 28, 29, 30, 31, 32]
2026-04-21 16:14:07.048 - RealTimeSTT: realtimestt - DEBUG - Validating device index 26 with info: {'index': 26, 'structVersion': 2, 'name': 'default', 'hostApi': 0, 'maxInputChannels': 128, 'maxOutputChannels': 128, 'defaultLowInputLatency': 0.008707482993197279, 'defaultLowOutputLatency': 0.008707482993197279, 'defaultHighInputLatency': 0.034829931972789115, 'defaultHighOutputLatency': 0.034829931972789115, 'defaultSampleRate': 44100.0}
2026-04-21 16:14:07.213 - RealTimeSTT: realtimestt - DEBUG - Device index 26 successfully validated.
2026-04-21 16:14:07.214 - RealTimeSTT: realtimestt - DEBUG - Opening stream with device index 26, sample_rate=16000, chunk_size=1024
2026-04-21 16:14:07.287 - RealTimeSTT: realtimestt - DEBUG - Silero VAD voice activity detection engine initialized successfully
2026-04-21 16:14:07.287 - RealTimeSTT: realtimestt - INFO - Microphone connected and validated (device index: 26, sample rate: 16000, chunk size: 1024)
2026-04-21 16:14:07.287 - RealTimeSTT: realtimestt - DEBUG - Audio recording initialized successfully at 16000 Hz, reading 1024 frames at a time
2026-04-21 16:14:07.287 - RealTimeSTT: realtimestt - DEBUG - Starting realtime worker
2026-04-21 16:14:07.288 - RealTimeSTT: realtimestt - DEBUG - Waiting for main transcription model to start
2026-04-21 16:14:07.454 - RealTimeSTT: realtimestt - DEBUG - Main transcription model ready
2026-04-21 16:14:07.454 - RealTimeSTT: realtimestt - DEBUG - RealtimeSTT initialization completed successfully
2026-04-21 16:14:07.454 - RealTimeSTT: realtimestt - INFO - Setting listen time
2026-04-21 16:14:07.454 - RealTimeSTT: realtimestt - INFO - State changed from 'inactive' to 'listening'
2026-04-21 16:14:07.454 - RealTimeSTT: realtimestt - DEBUG - Waiting for recording start
2026-04-21 16:14:08.406 - RealTimeSTT: realtimestt - DEBUG - _audio_data_worker writing audio data into queue.
2026-04-21 16:14:09.432 - RealTimeSTT: realtimestt - DEBUG - _audio_data_worker writing audio data into queue.
2026-04-21 16:14:10.456 - RealTimeSTT: realtimestt - DEBUG - _audio_data_worker writing audio data into queue.
2026-04-21 16:14:11.068 - RealTimeSTT: realtimestt - INFO - KeyboardInterrupt in wait_audio, shutting down
2026-04-21 16:14:11.068 - RealTimeSTT: realtimestt - DEBUG - Finishing recording thread
2026-04-21 16:14:11.073 - RealTimeSTT: realtimestt - DEBUG - Terminating reader process
2026-04-21 16:14:11.161 - RealTimeSTT: realtimestt - DEBUG - Receive from stdout pipe
2026-04-21 16:14:11.161 - RealTimeSTT: realtimestt - INFO - None
2026-04-21 16:14:11.186 - RealTimeSTT: realtimestt - DEBUG - Terminating transcription process
2026-04-21 16:14:11.186 - RealTimeSTT: realtimestt - DEBUG - Finishing realtime thread
2026-04-21 16:14:11.247 - RealTimeSTT: realtimestt - INFO - KeyboardInterrupt in text() method
2026-04-21 16:15:01.876 - RealTimeSTT: realtimestt - INFO - Starting RealTimeSTT
2026-04-21 16:15:01.880 - RealTimeSTT: realtimestt - INFO - Initializing audio recording (creating pyAudio input stream, sample rate: 16000 buffer size: 512
2026-04-21 16:15:01.880 - RealTimeSTT: realtimestt - DEBUG - Starting audio data worker with target_sample_rate=16000, buffer_size=512, input_device_index=None
2026-04-21 16:15:01.880 - RealTimeSTT: realtimestt - INFO - Initializing WebRTC voice with Sensitivity 3
2026-04-21 16:15:01.880 - RealTimeSTT: realtimestt - DEBUG - Creating PyAudio interface...
2026-04-21 16:15:01.880 - RealTimeSTT: realtimestt - DEBUG - WebRTC VAD voice activity detection engine initialized successfully
2026-04-21 16:15:02.278 - RealTimeSTT: realtimestt - DEBUG - No device index supplied; using default device 26
2026-04-21 16:15:02.278 - RealTimeSTT: realtimestt - DEBUG - Retrieving highest sample rate for device index 26: {'index': 26, 'structVersion': 2, 'name': 'default', 'hostApi': 0, 'maxInputChannels': 128, 'maxOutputChannels': 128, 'defaultLowInputLatency': 0.008707482993197279, 'defaultLowOutputLatency': 0.008707482993197279, 'defaultHighInputLatency': 0.034829931972789115, 'defaultHighOutputLatency': 0.034829931972789115, 'defaultSampleRate': 44100.0}
2026-04-21 16:15:02.278 - RealTimeSTT: realtimestt - DEBUG - Highest supported sample rate for device index 26 is 44100
2026-04-21 16:15:02.278 - RealTimeSTT: realtimestt - DEBUG - Sample rates to try for device 26: [16000, 44100]
2026-04-21 16:15:02.278 - RealTimeSTT: realtimestt - DEBUG - Attempting to initialize audio stream at 16000 Hz.
2026-04-21 16:15:02.278 - RealTimeSTT: realtimestt - DEBUG - Found 33 total audio devices on the system.
2026-04-21 16:15:02.278 - RealTimeSTT: realtimestt - DEBUG - Available input devices with input channels: [0, 1, 3, 10, 14, 15, 16, 17, 18, 19, 20, 22, 23, 24, 26, 27, 28, 29, 30, 31, 32]
2026-04-21 16:15:02.278 - RealTimeSTT: realtimestt - DEBUG - Validating device index 26 with info: {'index': 26, 'structVersion': 2, 'name': 'default', 'hostApi': 0, 'maxInputChannels': 128, 'maxOutputChannels': 128, 'defaultLowInputLatency': 0.008707482993197279, 'defaultLowOutputLatency': 0.008707482993197279, 'defaultHighInputLatency': 0.034829931972789115, 'defaultHighOutputLatency': 0.034829931972789115, 'defaultSampleRate': 44100.0}
2026-04-21 16:15:02.468 - RealTimeSTT: realtimestt - DEBUG - Silero VAD voice activity detection engine initialized successfully
2026-04-21 16:15:02.468 - RealTimeSTT: realtimestt - DEBUG - Starting realtime worker
2026-04-21 16:15:02.468 - RealTimeSTT: realtimestt - DEBUG - Waiting for main transcription model to start
2026-04-21 16:15:02.472 - RealTimeSTT: realtimestt - DEBUG - Device index 26 successfully validated.
2026-04-21 16:15:02.472 - RealTimeSTT: realtimestt - DEBUG - Opening stream with device index 26, sample_rate=16000, chunk_size=1024
2026-04-21 16:15:02.506 - RealTimeSTT: realtimestt - INFO - Microphone connected and validated (device index: 26, sample rate: 16000, chunk size: 1024)
2026-04-21 16:15:02.506 - RealTimeSTT: realtimestt - DEBUG - Audio recording initialized successfully at 16000 Hz, reading 1024 frames at a time
2026-04-21 16:15:02.726 - RealTimeSTT: realtimestt - DEBUG - Main transcription model ready
2026-04-21 16:15:02.726 - RealTimeSTT: realtimestt - DEBUG - RealtimeSTT initialization completed successfully
2026-04-21 16:15:02.726 - RealTimeSTT: realtimestt - INFO - Setting listen time
2026-04-21 16:15:02.726 - RealTimeSTT: realtimestt - INFO - State changed from 'inactive' to 'listening'
2026-04-21 16:15:02.726 - RealTimeSTT: realtimestt - DEBUG - Waiting for recording start
2026-04-21 16:15:03.625 - RealTimeSTT: realtimestt - DEBUG - _audio_data_worker writing audio data into queue.
2026-04-21 16:15:04.650 - RealTimeSTT: realtimestt - DEBUG - _audio_data_worker writing audio data into queue.
2026-04-21 16:15:05.674 - RealTimeSTT: realtimestt - DEBUG - _audio_data_worker writing audio data into queue.
2026-04-21 16:15:06.697 - RealTimeSTT: realtimestt - DEBUG - _audio_data_worker writing audio data into queue.
2026-04-21 16:15:07.720 - RealTimeSTT: realtimestt - DEBUG - _audio_data_worker writing audio data into queue.
2026-04-21 16:15:08.744 - RealTimeSTT: realtimestt - DEBUG - _audio_data_worker writing audio data into queue.
2026-04-21 16:15:09.768 - RealTimeSTT: realtimestt - DEBUG - _audio_data_worker writing audio data into queue.
2026-04-21 16:15:10.792 - RealTimeSTT: realtimestt - DEBUG - _audio_data_worker writing audio data into queue.
2026-04-21 16:15:11.816 - RealTimeSTT: realtimestt - DEBUG - _audio_data_worker writing audio data into queue.
2026-04-21 16:15:12.840 - RealTimeSTT: realtimestt - DEBUG - _audio_data_worker writing audio data into queue.
2026-04-21 16:15:13.864 - RealTimeSTT: realtimestt - DEBUG - _audio_data_worker writing audio data into queue.
2026-04-21 16:15:14.888 - RealTimeSTT: realtimestt - DEBUG - _audio_data_worker writing audio data into queue.
2026-04-21 16:15:15.912 - RealTimeSTT: realtimestt - DEBUG - _audio_data_worker writing audio data into queue.
2026-04-21 16:15:16.936 - RealTimeSTT: realtimestt - DEBUG - _audio_data_worker writing audio data into queue.
2026-04-21 16:15:17.960 - RealTimeSTT: realtimestt - DEBUG - _audio_data_worker writing audio data into queue.
2026-04-21 16:15:18.984 - RealTimeSTT: realtimestt - DEBUG - _audio_data_worker writing audio data into queue.
2026-04-21 16:15:20.008 - RealTimeSTT: realtimestt - DEBUG - _audio_data_worker writing audio data into queue.
2026-04-21 16:15:21.031 - RealTimeSTT: realtimestt - DEBUG - _audio_data_worker writing audio data into queue.
2026-04-21 16:15:22.056 - RealTimeSTT: realtimestt - DEBUG - _audio_data_worker writing audio data into queue.
2026-04-21 16:15:23.080 - RealTimeSTT: realtimestt - DEBUG - _audio_data_worker writing audio data into queue.
2026-04-21 16:15:24.104 - RealTimeSTT: realtimestt - DEBUG - _audio_data_worker writing audio data into queue.
2026-04-21 16:15:25.128 - RealTimeSTT: realtimestt - DEBUG - _audio_data_worker writing audio data into queue.
2026-04-21 16:15:26.152 - RealTimeSTT: realtimestt - DEBUG - _audio_data_worker writing audio data into queue.
2026-04-21 16:15:27.175 - RealTimeSTT: realtimestt - DEBUG - _audio_data_worker writing audio data into queue.
2026-04-21 16:15:27.187 - RealTimeSTT: realtimestt - INFO - KeyboardInterrupt in wait_audio, shutting down
2026-04-21 16:15:27.187 - RealTimeSTT: realtimestt - DEBUG - Finishing recording thread
2026-04-21 16:15:27.196 - RealTimeSTT: realtimestt - DEBUG - Terminating reader process
2026-04-21 16:15:27.256 - RealTimeSTT: realtimestt - DEBUG - Receive from stdout pipe
2026-04-21 16:15:27.256 - RealTimeSTT: realtimestt - INFO - None
2026-04-21 16:15:27.313 - RealTimeSTT: realtimestt - DEBUG - Terminating transcription process
2026-04-21 16:15:27.313 - RealTimeSTT: realtimestt - DEBUG - Finishing realtime thread
2026-04-21 16:15:27.401 - RealTimeSTT: realtimestt - INFO - KeyboardInterrupt in text() method
2026-04-21 16:17:48.176 - RealTimeSTT: realtimestt - INFO - Starting RealTimeSTT
2026-04-21 16:17:48.179 - RealTimeSTT: realtimestt - INFO - Initializing audio recording (creating pyAudio input stream, sample rate: 16000 buffer size: 512
2026-04-21 16:17:48.180 - RealTimeSTT: realtimestt - DEBUG - Starting audio data worker with target_sample_rate=16000, buffer_size=512, input_device_index=None
2026-04-21 16:17:48.180 - RealTimeSTT: realtimestt - DEBUG - Creating PyAudio interface...
2026-04-21 16:17:48.180 - RealTimeSTT: realtimestt - INFO - Initializing WebRTC voice with Sensitivity 3
2026-04-21 16:17:48.180 - RealTimeSTT: realtimestt - DEBUG - WebRTC VAD voice activity detection engine initialized successfully
2026-04-21 16:17:48.552 - RealTimeSTT: realtimestt - DEBUG - No device index supplied; using default device 26
2026-04-21 16:17:48.552 - RealTimeSTT: realtimestt - DEBUG - Retrieving highest sample rate for device index 26: {'index': 26, 'structVersion': 2, 'name': 'default', 'hostApi': 0, 'maxInputChannels': 128, 'maxOutputChannels': 128, 'defaultLowInputLatency': 0.008707482993197279, 'defaultLowOutputLatency': 0.008707482993197279, 'defaultHighInputLatency': 0.034829931972789115, 'defaultHighOutputLatency': 0.034829931972789115, 'defaultSampleRate': 44100.0}
2026-04-21 16:17:48.552 - RealTimeSTT: realtimestt - DEBUG - Highest supported sample rate for device index 26 is 44100
2026-04-21 16:17:48.552 - RealTimeSTT: realtimestt - DEBUG - Sample rates to try for device 26: [16000, 44100]
2026-04-21 16:17:48.552 - RealTimeSTT: realtimestt - DEBUG - Attempting to initialize audio stream at 16000 Hz.
2026-04-21 16:17:48.552 - RealTimeSTT: realtimestt - DEBUG - Found 33 total audio devices on the system.
2026-04-21 16:17:48.552 - RealTimeSTT: realtimestt - DEBUG - Available input devices with input channels: [0, 1, 3, 10, 14, 15, 16, 17, 18, 19, 20, 22, 23, 24, 26, 27, 28, 29, 30, 31, 32]
2026-04-21 16:17:48.552 - RealTimeSTT: realtimestt - DEBUG - Validating device index 26 with info: {'index': 26, 'structVersion': 2, 'name': 'default', 'hostApi': 0, 'maxInputChannels': 128, 'maxOutputChannels': 128, 'defaultLowInputLatency': 0.008707482993197279, 'defaultLowOutputLatency': 0.008707482993197279, 'defaultHighInputLatency': 0.034829931972789115, 'defaultHighOutputLatency': 0.034829931972789115, 'defaultSampleRate': 44100.0}
2026-04-21 16:17:48.663 - RealTimeSTT: realtimestt - DEBUG - Device index 26 successfully validated.
2026-04-21 16:17:48.663 - RealTimeSTT: realtimestt - DEBUG - Opening stream with device index 26, sample_rate=16000, chunk_size=1024
2026-04-21 16:17:48.748 - RealTimeSTT: realtimestt - DEBUG - Silero VAD voice activity detection engine initialized successfully
2026-04-21 16:17:48.748 - RealTimeSTT: realtimestt - INFO - Microphone connected and validated (device index: 26, sample rate: 16000, chunk size: 1024)
2026-04-21 16:17:48.748 - RealTimeSTT: realtimestt - DEBUG - Starting realtime worker
2026-04-21 16:17:48.748 - RealTimeSTT: realtimestt - DEBUG - Waiting for main transcription model to start
2026-04-21 16:17:48.748 - RealTimeSTT: realtimestt - DEBUG - Audio recording initialized successfully at 16000 Hz, reading 1024 frames at a time
2026-04-21 16:17:48.941 - RealTimeSTT: realtimestt - DEBUG - Main transcription model ready
2026-04-21 16:17:48.941 - RealTimeSTT: realtimestt - DEBUG - RealtimeSTT initialization completed successfully
2026-04-21 16:17:48.941 - RealTimeSTT: realtimestt - INFO - Setting listen time
2026-04-21 16:17:48.942 - RealTimeSTT: realtimestt - INFO - State changed from 'inactive' to 'listening'
2026-04-21 16:17:48.942 - RealTimeSTT: realtimestt - DEBUG - Waiting for recording start
2026-04-21 16:17:49.861 - RealTimeSTT: realtimestt - DEBUG - _audio_data_worker writing audio data into queue.
2026-04-21 16:17:50.887 - RealTimeSTT: realtimestt - DEBUG - _audio_data_worker writing audio data into queue.
2026-04-21 16:17:51.910 - RealTimeSTT: realtimestt - DEBUG - _audio_data_worker writing audio data into queue.
2026-04-21 16:17:52.934 - RealTimeSTT: realtimestt - DEBUG - _audio_data_worker writing audio data into queue.
2026-04-21 16:17:53.957 - RealTimeSTT: realtimestt - DEBUG - _audio_data_worker writing audio data into queue.
2026-04-21 16:17:54.981 - RealTimeSTT: realtimestt - DEBUG - _audio_data_worker writing audio data into queue.
2026-04-21 16:17:56.005 - RealTimeSTT: realtimestt - DEBUG - _audio_data_worker writing audio data into queue.
2026-04-21 16:17:57.029 - RealTimeSTT: realtimestt - DEBUG - _audio_data_worker writing audio data into queue.
2026-04-21 16:17:57.945 - RealTimeSTT: realtimestt - INFO - KeyboardInterrupt in wait_audio, shutting down
2026-04-21 16:17:57.946 - RealTimeSTT: realtimestt - DEBUG - Finishing recording thread
2026-04-21 16:17:57.953 - RealTimeSTT: realtimestt - DEBUG - Terminating reader process
2026-04-21 16:17:57.978 - RealTimeSTT: realtimestt - DEBUG - Terminating transcription process
2026-04-21 16:17:57.987 - RealTimeSTT: realtimestt - DEBUG - Finishing realtime thread
2026-04-21 16:17:58.078 - RealTimeSTT: realtimestt - INFO - KeyboardInterrupt in text() method
2026-04-21 16:18:12.691 - RealTimeSTT: realtimestt - INFO - Starting RealTimeSTT
2026-04-21 16:18:12.695 - RealTimeSTT: realtimestt - INFO - Initializing audio recording (creating pyAudio input stream, sample rate: 16000 buffer size: 512
2026-04-21 16:18:12.696 - RealTimeSTT: realtimestt - DEBUG - Starting audio data worker with target_sample_rate=16000, buffer_size=512, input_device_index=None
2026-04-21 16:18:12.696 - RealTimeSTT: realtimestt - DEBUG - Creating PyAudio interface...
2026-04-21 16:18:12.696 - RealTimeSTT: realtimestt - INFO - Initializing WebRTC voice with Sensitivity 3
2026-04-21 16:18:12.696 - RealTimeSTT: realtimestt - DEBUG - WebRTC VAD voice activity detection engine initialized successfully
2026-04-21 16:18:12.822 - RealTimeSTT: realtimestt - DEBUG - No device index supplied; using default device 25
2026-04-21 16:18:12.822 - RealTimeSTT: realtimestt - DEBUG - Retrieving highest sample rate for device index 25: {'index': 25, 'structVersion': 2, 'name': 'default', 'hostApi': 0, 'maxInputChannels': 128, 'maxOutputChannels': 128, 'defaultLowInputLatency': 0.008707482993197279, 'defaultLowOutputLatency': 0.008707482993197279, 'defaultHighInputLatency': 0.034829931972789115, 'defaultHighOutputLatency': 0.034829931972789115, 'defaultSampleRate': 44100.0}
2026-04-21 16:18:12.822 - RealTimeSTT: realtimestt - DEBUG - Highest supported sample rate for device index 25 is 44100
2026-04-21 16:18:12.822 - RealTimeSTT: realtimestt - DEBUG - Sample rates to try for device 25: [16000, 44100]
2026-04-21 16:18:12.822 - RealTimeSTT: realtimestt - DEBUG - Attempting to initialize audio stream at 16000 Hz.
2026-04-21 16:18:12.822 - RealTimeSTT: realtimestt - DEBUG - Found 32 total audio devices on the system.
2026-04-21 16:18:12.822 - RealTimeSTT: realtimestt - DEBUG - Available input devices with input channels: [0, 1, 3, 10, 16, 17, 18, 19, 21, 22, 23, 25, 26, 27, 28, 29, 30, 31]
2026-04-21 16:18:12.822 - RealTimeSTT: realtimestt - DEBUG - Validating device index 25 with info: {'index': 25, 'structVersion': 2, 'name': 'default', 'hostApi': 0, 'maxInputChannels': 128, 'maxOutputChannels': 128, 'defaultLowInputLatency': 0.008707482993197279, 'defaultLowOutputLatency': 0.008707482993197279, 'defaultHighInputLatency': 0.034829931972789115, 'defaultHighOutputLatency': 0.034829931972789115, 'defaultSampleRate': 44100.0}
2026-04-21 16:18:12.924 - RealTimeSTT: realtimestt - DEBUG - Silero VAD voice activity detection engine initialized successfully
2026-04-21 16:18:12.925 - RealTimeSTT: realtimestt - DEBUG - Starting realtime worker
2026-04-21 16:18:12.925 - RealTimeSTT: realtimestt - DEBUG - Waiting for main transcription model to start
2026-04-21 16:18:12.941 - RealTimeSTT: realtimestt - DEBUG - Device index 25 successfully validated.
2026-04-21 16:18:12.941 - RealTimeSTT: realtimestt - DEBUG - Opening stream with device index 25, sample_rate=16000, chunk_size=1024
2026-04-21 16:18:12.982 - RealTimeSTT: realtimestt - INFO - Microphone connected and validated (device index: 25, sample rate: 16000, chunk size: 1024)
2026-04-21 16:18:12.982 - RealTimeSTT: realtimestt - DEBUG - Audio recording initialized successfully at 16000 Hz, reading 1024 frames at a time
2026-04-21 16:18:13.546 - RealTimeSTT: realtimestt - DEBUG - Main transcription model ready
2026-04-21 16:18:13.546 - RealTimeSTT: realtimestt - DEBUG - RealtimeSTT initialization completed successfully
2026-04-21 16:18:13.546 - RealTimeSTT: realtimestt - INFO - Setting listen time
2026-04-21 16:18:13.546 - RealTimeSTT: realtimestt - INFO - State changed from 'inactive' to 'listening'
2026-04-21 16:18:13.547 - RealTimeSTT: realtimestt - DEBUG - Waiting for recording start
2026-04-21 16:18:14.186 - RealTimeSTT: realtimestt - DEBUG - _audio_data_worker writing audio data into queue.
2026-04-21 16:18:15.212 - RealTimeSTT: realtimestt - DEBUG - _audio_data_worker writing audio data into queue.
2026-04-21 16:18:15.754 - RealTimeSTT: realtimestt - INFO - KeyboardInterrupt in wait_audio, shutting down
2026-04-21 16:18:15.754 - RealTimeSTT: realtimestt - DEBUG - Finishing recording thread
2026-04-21 16:18:15.755 - RealTimeSTT: realtimestt - DEBUG - Terminating reader process
2026-04-21 16:18:15.823 - RealTimeSTT: realtimestt - DEBUG - Terminating transcription process
2026-04-21 16:18:15.848 - RealTimeSTT: realtimestt - DEBUG - Receive from stdout pipe
2026-04-21 16:18:15.848 - RealTimeSTT: realtimestt - INFO - None
2026-04-21 16:18:15.860 - RealTimeSTT: realtimestt - DEBUG - Finishing realtime thread
2026-04-21 16:18:15.949 - RealTimeSTT: realtimestt - INFO - KeyboardInterrupt in text() method
2026-04-22 18:10:10.894 - RealTimeSTT: realtimestt - INFO - Starting RealTimeSTT
2026-04-22 18:10:10.899 - RealTimeSTT: realtimestt - INFO - Initializing audio recording (creating pyAudio input stream, sample rate: 16000 buffer size: 512
2026-04-22 18:10:10.899 - RealTimeSTT: realtimestt - DEBUG - Starting audio data worker with target_sample_rate=16000, buffer_size=512, input_device_index=None
2026-04-22 18:10:10.899 - RealTimeSTT: realtimestt - INFO - Initializing WebRTC voice with Sensitivity 3
2026-04-22 18:10:10.899 - RealTimeSTT: realtimestt - DEBUG - Creating PyAudio interface...
2026-04-22 18:10:10.899 - RealTimeSTT: realtimestt - DEBUG - WebRTC VAD voice activity detection engine initialized successfully
2026-04-22 18:10:11.311 - RealTimeSTT: realtimestt - DEBUG - No device index supplied; using default device 28
2026-04-22 18:10:11.311 - RealTimeSTT: realtimestt - DEBUG - Retrieving highest sample rate for device index 28: {'index': 28, 'structVersion': 2, 'name': 'default', 'hostApi': 0, 'maxInputChannels': 128, 'maxOutputChannels': 128, 'defaultLowInputLatency': 0.008707482993197279, 'defaultLowOutputLatency': 0.008707482993197279, 'defaultHighInputLatency': 0.034829931972789115, 'defaultHighOutputLatency': 0.034829931972789115, 'defaultSampleRate': 44100.0}
2026-04-22 18:10:11.312 - RealTimeSTT: realtimestt - DEBUG - Highest supported sample rate for device index 28 is 44100
2026-04-22 18:10:11.312 - RealTimeSTT: realtimestt - DEBUG - Sample rates to try for device 28: [16000, 44100]
2026-04-22 18:10:11.312 - RealTimeSTT: realtimestt - DEBUG - Attempting to initialize audio stream at 16000 Hz.
2026-04-22 18:10:11.312 - RealTimeSTT: realtimestt - DEBUG - Found 35 total audio devices on the system.
2026-04-22 18:10:11.312 - RealTimeSTT: realtimestt - DEBUG - Available input devices with input channels: [0, 2, 3, 10, 17, 18, 19, 20, 21, 22, 24, 25, 26, 28, 29, 30, 31, 32, 33, 34]
2026-04-22 18:10:11.312 - RealTimeSTT: realtimestt - DEBUG - Validating device index 28 with info: {'index': 28, 'structVersion': 2, 'name': 'default', 'hostApi': 0, 'maxInputChannels': 128, 'maxOutputChannels': 128, 'defaultLowInputLatency': 0.008707482993197279, 'defaultLowOutputLatency': 0.008707482993197279, 'defaultHighInputLatency': 0.034829931972789115, 'defaultHighOutputLatency': 0.034829931972789115, 'defaultSampleRate': 44100.0}
2026-04-22 18:10:11.390 - RealTimeSTT: realtimestt - ERROR - Error initializing Silero VAD voice activity detection engine: Could not load this library: /home/chaos/proyectos/kateto/.venv/lib/python3.13/site-packages/torchaudio/lib/_torchaudio.abi3.so
Traceback (most recent call last):
  File "/home/chaos/proyectos/kateto/.venv/lib/python3.13/site-packages/torch/_ops.py", line 1503, in load_library
    ctypes.CDLL(path)
    ~~~~~~~~~~~^^^^^^
  File "/home/chaos/.local/share/uv/python/cpython-3.13.12-linux-x86_64-gnu/lib/python3.13/ctypes/__init__.py", line 361, in __init__
    self._handle = self._load_library(name, mode, handle, winmode)
                   ~~~~~~~~~~~~~~~~~~^^^^^^^^^^^^^^^^^^^^^^^^^^^^^
  File "/home/chaos/.local/share/uv/python/cpython-3.13.12-linux-x86_64-gnu/lib/python3.13/ctypes/__init__.py", line 401, in _load_library
    return _dlopen(name, mode)
OSError: libc10_cuda.so: cannot open shared object file: No such file or directory

The above exception was the direct cause of the following exception:

Traceback (most recent call last):
  File "/home/chaos/proyectos/kateto/.venv/lib/python3.13/site-packages/RealtimeSTT/audio_recorder.py", line 922, in __init__
    self.silero_vad_model, _ = torch.hub.load(
                               ~~~~~~~~~~~~~~^
        repo_or_dir="snakers4/silero-vad",
        ^^^^^^^^^^^^^^^^^^^^^^^^^^^^^^^^^^
    ...<2 lines>...
        onnx=silero_use_onnx
        ^^^^^^^^^^^^^^^^^^^^
    )
    ^
  File "/home/chaos/proyectos/kateto/.venv/lib/python3.13/site-packages/torch/hub.py", line 669, in load
    model = _load_local(repo_or_dir, model, *args, **kwargs)
  File "/home/chaos/proyectos/kateto/.venv/lib/python3.13/site-packages/torch/hub.py", line 699, in _load_local
    hub_module = _import_module(MODULE_HUBCONF, hubconf_path)
  File "/home/chaos/proyectos/kateto/.venv/lib/python3.13/site-packages/torch/hub.py", line 118, in _import_module
    spec.loader.exec_module(module)
    ~~~~~~~~~~~~~~~~~~~~~~~^^^^^^^^
  File "<frozen importlib._bootstrap_external>", line 1023, in exec_module
  File "<frozen importlib._bootstrap>", line 488, in _call_with_frames_removed
  File "/home/chaos/.cache/torch/hub/snakers4_silero-vad_master/hubconf.py", line 6, in <module>
    from silero_vad.utils_vad import (init_jit_model,
    ...<5 lines>...
                                      OnnxWrapper)
  File "/home/chaos/.cache/torch/hub/snakers4_silero-vad_master/src/silero_vad/__init__.py", line 7, in <module>
    from silero_vad.model import load_silero_vad
  File "/home/chaos/.cache/torch/hub/snakers4_silero-vad_master/src/silero_vad/model.py", line 1, in <module>
    from .utils_vad import init_jit_model, OnnxWrapper
  File "/home/chaos/.cache/torch/hub/snakers4_silero-vad_master/src/silero_vad/utils_vad.py", line 2, in <module>
    import torchaudio
  File "/home/chaos/proyectos/kateto/.venv/lib/python3.13/site-packages/torchaudio/__init__.py", line 7, in <module>
    from . import _extension  # noqa  # usort: skip
    ^^^^^^^^^^^^^^^^^^^^^^^^
  File "/home/chaos/proyectos/kateto/.venv/lib/python3.13/site-packages/torchaudio/_extension/__init__.py", line 30, in <module>
    _IS_TORCHAUDIO_EXT_AVAILABLE = _load_lib("_torchaudio")
  File "/home/chaos/proyectos/kateto/.venv/lib/python3.13/site-packages/torchaudio/_extension/utils.py", line 56, in _load_lib
    torch.ops.load_library(paths[0])
    ~~~~~~~~~~~~~~~~~~~~~~^^^^^^^^^^
  File "/home/chaos/proyectos/kateto/.venv/lib/python3.13/site-packages/torch/_ops.py", line 1505, in load_library
    raise OSError(f"Could not load this library: {path}") from e
OSError: Could not load this library: /home/chaos/proyectos/kateto/.venv/lib/python3.13/site-packages/torchaudio/lib/_torchaudio.abi3.so
2026-04-22 18:10:11.418 - RealTimeSTT: realtimestt - DEBUG - Device index 28 successfully validated.
2026-04-22 18:10:11.418 - RealTimeSTT: realtimestt - DEBUG - Opening stream with device index 28, sample_rate=16000, chunk_size=1024
2026-04-22 18:10:11.438 - RealTimeSTT: realtimestt - INFO - Microphone connected and validated (device index: 28, sample rate: 16000, chunk size: 1024)
2026-04-22 18:10:11.438 - RealTimeSTT: realtimestt - DEBUG - Audio recording initialized successfully at 16000 Hz, reading 1024 frames at a time
2026-04-22 18:10:12.531 - RealTimeSTT: realtimestt - DEBUG - _audio_data_worker writing audio data into queue.
2026-04-22 18:10:13.558 - RealTimeSTT: realtimestt - DEBUG - _audio_data_worker writing audio data into queue.
2026-04-22 18:10:14.582 - RealTimeSTT: realtimestt - DEBUG - _audio_data_worker writing audio data into queue.
2026-04-22 18:10:15.605 - RealTimeSTT: realtimestt - DEBUG - _audio_data_worker writing audio data into queue.
2026-04-22 18:10:16.628 - RealTimeSTT: realtimestt - DEBUG - _audio_data_worker writing audio data into queue.
2026-04-22 18:10:17.652 - RealTimeSTT: realtimestt - DEBUG - _audio_data_worker writing audio data into queue.
2026-04-22 18:10:18.676 - RealTimeSTT: realtimestt - DEBUG - _audio_data_worker writing audio data into queue.
2026-04-22 18:10:19.699 - RealTimeSTT: realtimestt - DEBUG - _audio_data_worker writing audio data into queue.
2026-04-22 18:10:20.723 - RealTimeSTT: realtimestt - DEBUG - _audio_data_worker writing audio data into queue.
2026-04-22 18:10:21.747 - RealTimeSTT: realtimestt - DEBUG - _audio_data_worker writing audio data into queue.
2026-04-22 18:10:33.610 - RealTimeSTT: realtimestt - INFO - Starting RealTimeSTT
2026-04-22 18:10:33.614 - RealTimeSTT: realtimestt - INFO - Initializing audio recording (creating pyAudio input stream, sample rate: 16000 buffer size: 512
2026-04-22 18:10:33.614 - RealTimeSTT: realtimestt - DEBUG - Starting audio data worker with target_sample_rate=16000, buffer_size=512, input_device_index=None
2026-04-22 18:10:33.614 - RealTimeSTT: realtimestt - INFO - Initializing WebRTC voice with Sensitivity 3
2026-04-22 18:10:33.614 - RealTimeSTT: realtimestt - DEBUG - Creating PyAudio interface...
2026-04-22 18:10:33.614 - RealTimeSTT: realtimestt - DEBUG - WebRTC VAD voice activity detection engine initialized successfully
2026-04-22 18:10:33.746 - RealTimeSTT: realtimestt - ERROR - Error initializing Silero VAD voice activity detection engine: Could not load this library: /home/chaos/proyectos/kateto/.venv/lib/python3.13/site-packages/torchaudio/lib/_torchaudio.abi3.so
Traceback (most recent call last):
  File "/home/chaos/proyectos/kateto/.venv/lib/python3.13/site-packages/torch/_ops.py", line 1503, in load_library
    ctypes.CDLL(path)
    ~~~~~~~~~~~^^^^^^
  File "/home/chaos/.local/share/uv/python/cpython-3.13.12-linux-x86_64-gnu/lib/python3.13/ctypes/__init__.py", line 361, in __init__
    self._handle = self._load_library(name, mode, handle, winmode)
                   ~~~~~~~~~~~~~~~~~~^^^^^^^^^^^^^^^^^^^^^^^^^^^^^
  File "/home/chaos/.local/share/uv/python/cpython-3.13.12-linux-x86_64-gnu/lib/python3.13/ctypes/__init__.py", line 401, in _load_library
    return _dlopen(name, mode)
OSError: libc10_cuda.so: cannot open shared object file: No such file or directory

The above exception was the direct cause of the following exception:

Traceback (most recent call last):
  File "/home/chaos/proyectos/kateto/.venv/lib/python3.13/site-packages/RealtimeSTT/audio_recorder.py", line 922, in __init__
    self.silero_vad_model, _ = torch.hub.load(
                               ~~~~~~~~~~~~~~^
        repo_or_dir="snakers4/silero-vad",
        ^^^^^^^^^^^^^^^^^^^^^^^^^^^^^^^^^^
    ...<2 lines>...
        onnx=silero_use_onnx
        ^^^^^^^^^^^^^^^^^^^^
    )
    ^
  File "/home/chaos/proyectos/kateto/.venv/lib/python3.13/site-packages/torch/hub.py", line 669, in load
    model = _load_local(repo_or_dir, model, *args, **kwargs)
  File "/home/chaos/proyectos/kateto/.venv/lib/python3.13/site-packages/torch/hub.py", line 699, in _load_local
    hub_module = _import_module(MODULE_HUBCONF, hubconf_path)
  File "/home/chaos/proyectos/kateto/.venv/lib/python3.13/site-packages/torch/hub.py", line 118, in _import_module
    spec.loader.exec_module(module)
    ~~~~~~~~~~~~~~~~~~~~~~~^^^^^^^^
  File "<frozen importlib._bootstrap_external>", line 1023, in exec_module
  File "<frozen importlib._bootstrap>", line 488, in _call_with_frames_removed
  File "/home/chaos/.cache/torch/hub/snakers4_silero-vad_master/hubconf.py", line 6, in <module>
    from silero_vad.utils_vad import (init_jit_model,
    ...<5 lines>...
                                      OnnxWrapper)
  File "/home/chaos/.cache/torch/hub/snakers4_silero-vad_master/src/silero_vad/__init__.py", line 7, in <module>
    from silero_vad.model import load_silero_vad
  File "/home/chaos/.cache/torch/hub/snakers4_silero-vad_master/src/silero_vad/model.py", line 1, in <module>
    from .utils_vad import init_jit_model, OnnxWrapper
  File "/home/chaos/.cache/torch/hub/snakers4_silero-vad_master/src/silero_vad/utils_vad.py", line 2, in <module>
    import torchaudio
  File "/home/chaos/proyectos/kateto/.venv/lib/python3.13/site-packages/torchaudio/__init__.py", line 7, in <module>
    from . import _extension  # noqa  # usort: skip
    ^^^^^^^^^^^^^^^^^^^^^^^^
  File "/home/chaos/proyectos/kateto/.venv/lib/python3.13/site-packages/torchaudio/_extension/__init__.py", line 30, in <module>
    _IS_TORCHAUDIO_EXT_AVAILABLE = _load_lib("_torchaudio")
  File "/home/chaos/proyectos/kateto/.venv/lib/python3.13/site-packages/torchaudio/_extension/utils.py", line 56, in _load_lib
    torch.ops.load_library(paths[0])
    ~~~~~~~~~~~~~~~~~~~~~~^^^^^^^^^^
  File "/home/chaos/proyectos/kateto/.venv/lib/python3.13/site-packages/torch/_ops.py", line 1505, in load_library
    raise OSError(f"Could not load this library: {path}") from e
OSError: Could not load this library: /home/chaos/proyectos/kateto/.venv/lib/python3.13/site-packages/torchaudio/lib/_torchaudio.abi3.so
2026-04-22 18:10:33.936 - RealTimeSTT: realtimestt - DEBUG - No device index supplied; using default device 28
2026-04-22 18:10:33.936 - RealTimeSTT: realtimestt - DEBUG - Retrieving highest sample rate for device index 28: {'index': 28, 'structVersion': 2, 'name': 'default', 'hostApi': 0, 'maxInputChannels': 128, 'maxOutputChannels': 128, 'defaultLowInputLatency': 0.008707482993197279, 'defaultLowOutputLatency': 0.008707482993197279, 'defaultHighInputLatency': 0.034829931972789115, 'defaultHighOutputLatency': 0.034829931972789115, 'defaultSampleRate': 44100.0}
2026-04-22 18:10:33.936 - RealTimeSTT: realtimestt - DEBUG - Highest supported sample rate for device index 28 is 44100
2026-04-22 18:10:33.936 - RealTimeSTT: realtimestt - DEBUG - Sample rates to try for device 28: [16000, 44100]
2026-04-22 18:10:33.936 - RealTimeSTT: realtimestt - DEBUG - Attempting to initialize audio stream at 16000 Hz.
2026-04-22 18:10:33.936 - RealTimeSTT: realtimestt - DEBUG - Found 35 total audio devices on the system.
2026-04-22 18:10:33.936 - RealTimeSTT: realtimestt - DEBUG - Available input devices with input channels: [0, 2, 3, 10, 17, 18, 19, 20, 21, 22, 24, 25, 26, 28, 29, 30, 31, 32, 33, 34]
2026-04-22 18:10:33.936 - RealTimeSTT: realtimestt - DEBUG - Validating device index 28 with info: {'index': 28, 'structVersion': 2, 'name': 'default', 'hostApi': 0, 'maxInputChannels': 128, 'maxOutputChannels': 128, 'defaultLowInputLatency': 0.008707482993197279, 'defaultLowOutputLatency': 0.008707482993197279, 'defaultHighInputLatency': 0.034829931972789115, 'defaultHighOutputLatency': 0.034829931972789115, 'defaultSampleRate': 44100.0}
2026-04-22 18:10:34.041 - RealTimeSTT: realtimestt - DEBUG - Device index 28 successfully validated.
2026-04-22 18:10:34.041 - RealTimeSTT: realtimestt - DEBUG - Opening stream with device index 28, sample_rate=16000, chunk_size=1024
2026-04-22 18:10:34.053 - RealTimeSTT: realtimestt - INFO - Microphone connected and validated (device index: 28, sample rate: 16000, chunk size: 1024)
2026-04-22 18:10:34.053 - RealTimeSTT: realtimestt - DEBUG - Audio recording initialized successfully at 16000 Hz, reading 1024 frames at a time
2026-04-22 18:10:35.158 - RealTimeSTT: realtimestt - DEBUG - _audio_data_worker writing audio data into queue.
2026-04-22 18:10:36.185 - RealTimeSTT: realtimestt - DEBUG - _audio_data_worker writing audio data into queue.
2026-04-22 18:10:37.208 - RealTimeSTT: realtimestt - DEBUG - _audio_data_worker writing audio data into queue.
2026-04-22 18:10:38.231 - RealTimeSTT: realtimestt - DEBUG - _audio_data_worker writing audio data into queue.
2026-04-22 18:10:39.255 - RealTimeSTT: realtimestt - DEBUG - _audio_data_worker writing audio data into queue.
2026-04-22 18:10:40.278 - RealTimeSTT: realtimestt - DEBUG - _audio_data_worker writing audio data into queue.
2026-04-22 18:10:41.303 - RealTimeSTT: realtimestt - DEBUG - _audio_data_worker writing audio data into queue.
2026-04-22 18:10:42.326 - RealTimeSTT: realtimestt - DEBUG - _audio_data_worker writing audio data into queue.
2026-04-22 18:10:43.350 - RealTimeSTT: realtimestt - DEBUG - _audio_data_worker writing audio data into queue.
2026-04-22 18:10:44.374 - RealTimeSTT: realtimestt - DEBUG - _audio_data_worker writing audio data into queue.
2026-04-22 18:10:45.398 - RealTimeSTT: realtimestt - DEBUG - _audio_data_worker writing audio data into queue.
2026-04-22 18:10:46.422 - RealTimeSTT: realtimestt - DEBUG - _audio_data_worker writing audio data into queue.
2026-04-22 18:10:47.446 - RealTimeSTT: realtimestt - DEBUG - _audio_data_worker writing audio data into queue.
2026-04-22 18:10:48.470 - RealTimeSTT: realtimestt - DEBUG - _audio_data_worker writing audio data into queue.
2026-04-22 18:10:49.494 - RealTimeSTT: realtimestt - DEBUG - _audio_data_worker writing audio data into queue.
2026-04-22 18:10:50.518 - RealTimeSTT: realtimestt - DEBUG - _audio_data_worker writing audio data into queue.
2026-04-22 18:10:51.542 - RealTimeSTT: realtimestt - DEBUG - _audio_data_worker writing audio data into queue.
2026-04-22 18:10:52.566 - RealTimeSTT: realtimestt - DEBUG - _audio_data_worker writing audio data into queue.
2026-04-22 18:10:53.590 - RealTimeSTT: realtimestt - DEBUG - _audio_data_worker writing audio data into queue.
2026-04-22 18:10:54.614 - RealTimeSTT: realtimestt - DEBUG - _audio_data_worker writing audio data into queue.
2026-04-22 18:10:55.638 - RealTimeSTT: realtimestt - DEBUG - _audio_data_worker writing audio data into queue.
2026-04-22 18:10:56.662 - RealTimeSTT: realtimestt - DEBUG - _audio_data_worker writing audio data into queue.
2026-04-22 18:10:57.686 - RealTimeSTT: realtimestt - DEBUG - _audio_data_worker writing audio data into queue.
2026-04-22 18:10:58.710 - RealTimeSTT: realtimestt - DEBUG - _audio_data_worker writing audio data into queue.
2026-04-22 18:10:59.734 - RealTimeSTT: realtimestt - DEBUG - _audio_data_worker writing audio data into queue.
2026-04-22 18:11:14.152 - RealTimeSTT: realtimestt - INFO - Starting RealTimeSTT
2026-04-22 18:11:14.156 - RealTimeSTT: realtimestt - INFO - Initializing audio recording (creating pyAudio input stream, sample rate: 16000 buffer size: 512
2026-04-22 18:11:14.156 - RealTimeSTT: realtimestt - DEBUG - Starting audio data worker with target_sample_rate=16000, buffer_size=512, input_device_index=None
2026-04-22 18:11:14.156 - RealTimeSTT: realtimestt - DEBUG - Creating PyAudio interface...
2026-04-22 18:11:14.156 - RealTimeSTT: realtimestt - INFO - Initializing WebRTC voice with Sensitivity 3
2026-04-22 18:11:14.157 - RealTimeSTT: realtimestt - DEBUG - WebRTC VAD voice activity detection engine initialized successfully
2026-04-22 18:11:14.538 - RealTimeSTT: realtimestt - DEBUG - No device index supplied; using default device 28
2026-04-22 18:11:14.538 - RealTimeSTT: realtimestt - DEBUG - Retrieving highest sample rate for device index 28: {'index': 28, 'structVersion': 2, 'name': 'default', 'hostApi': 0, 'maxInputChannels': 128, 'maxOutputChannels': 128, 'defaultLowInputLatency': 0.008707482993197279, 'defaultLowOutputLatency': 0.008707482993197279, 'defaultHighInputLatency': 0.034829931972789115, 'defaultHighOutputLatency': 0.034829931972789115, 'defaultSampleRate': 44100.0}
2026-04-22 18:11:14.538 - RealTimeSTT: realtimestt - DEBUG - Highest supported sample rate for device index 28 is 44100
2026-04-22 18:11:14.539 - RealTimeSTT: realtimestt - DEBUG - Sample rates to try for device 28: [16000, 44100]
2026-04-22 18:11:14.539 - RealTimeSTT: realtimestt - DEBUG - Attempting to initialize audio stream at 16000 Hz.
2026-04-22 18:11:14.539 - RealTimeSTT: realtimestt - DEBUG - Found 35 total audio devices on the system.
2026-04-22 18:11:14.539 - RealTimeSTT: realtimestt - DEBUG - Available input devices with input channels: [0, 2, 3, 10, 17, 18, 19, 20, 21, 22, 24, 25, 26, 28, 29, 30, 31, 32, 33, 34]
2026-04-22 18:11:14.539 - RealTimeSTT: realtimestt - DEBUG - Validating device index 28 with info: {'index': 28, 'structVersion': 2, 'name': 'default', 'hostApi': 0, 'maxInputChannels': 128, 'maxOutputChannels': 128, 'defaultLowInputLatency': 0.008707482993197279, 'defaultLowOutputLatency': 0.008707482993197279, 'defaultHighInputLatency': 0.034829931972789115, 'defaultHighOutputLatency': 0.034829931972789115, 'defaultSampleRate': 44100.0}
2026-04-22 18:11:14.609 - RealTimeSTT: realtimestt - ERROR - Error initializing Silero VAD voice activity detection engine: Could not load this library: /home/chaos/proyectos/kateto/.venv/lib/python3.13/site-packages/torchaudio/lib/_torchaudio.abi3.so
Traceback (most recent call last):
  File "/home/chaos/proyectos/kateto/.venv/lib/python3.13/site-packages/torch/_ops.py", line 1503, in load_library
    ctypes.CDLL(path)
    ~~~~~~~~~~~^^^^^^
  File "/home/chaos/.local/share/uv/python/cpython-3.13.12-linux-x86_64-gnu/lib/python3.13/ctypes/__init__.py", line 361, in __init__
    self._handle = self._load_library(name, mode, handle, winmode)
                   ~~~~~~~~~~~~~~~~~~^^^^^^^^^^^^^^^^^^^^^^^^^^^^^
  File "/home/chaos/.local/share/uv/python/cpython-3.13.12-linux-x86_64-gnu/lib/python3.13/ctypes/__init__.py", line 401, in _load_library
    return _dlopen(name, mode)
OSError: libc10_cuda.so: cannot open shared object file: No such file or directory

The above exception was the direct cause of the following exception:

Traceback (most recent call last):
  File "/home/chaos/proyectos/kateto/.venv/lib/python3.13/site-packages/RealtimeSTT/audio_recorder.py", line 922, in __init__
    self.silero_vad_model, _ = torch.hub.load(
                               ~~~~~~~~~~~~~~^
        repo_or_dir="snakers4/silero-vad",
        ^^^^^^^^^^^^^^^^^^^^^^^^^^^^^^^^^^
    ...<2 lines>...
        onnx=silero_use_onnx
        ^^^^^^^^^^^^^^^^^^^^
    )
    ^
  File "/home/chaos/proyectos/kateto/.venv/lib/python3.13/site-packages/torch/hub.py", line 669, in load
    model = _load_local(repo_or_dir, model, *args, **kwargs)
  File "/home/chaos/proyectos/kateto/.venv/lib/python3.13/site-packages/torch/hub.py", line 699, in _load_local
    hub_module = _import_module(MODULE_HUBCONF, hubconf_path)
  File "/home/chaos/proyectos/kateto/.venv/lib/python3.13/site-packages/torch/hub.py", line 118, in _import_module
    spec.loader.exec_module(module)
    ~~~~~~~~~~~~~~~~~~~~~~~^^^^^^^^
  File "<frozen importlib._bootstrap_external>", line 1023, in exec_module
  File "<frozen importlib._bootstrap>", line 488, in _call_with_frames_removed
  File "/home/chaos/.cache/torch/hub/snakers4_silero-vad_master/hubconf.py", line 6, in <module>
    from silero_vad.utils_vad import (init_jit_model,
    ...<5 lines>...
                                      OnnxWrapper)
  File "/home/chaos/.cache/torch/hub/snakers4_silero-vad_master/src/silero_vad/__init__.py", line 7, in <module>
    from silero_vad.model import load_silero_vad
  File "/home/chaos/.cache/torch/hub/snakers4_silero-vad_master/src/silero_vad/model.py", line 1, in <module>
    from .utils_vad import init_jit_model, OnnxWrapper
  File "/home/chaos/.cache/torch/hub/snakers4_silero-vad_master/src/silero_vad/utils_vad.py", line 2, in <module>
    import torchaudio
  File "/home/chaos/proyectos/kateto/.venv/lib/python3.13/site-packages/torchaudio/__init__.py", line 7, in <module>
    from . import _extension  # noqa  # usort: skip
    ^^^^^^^^^^^^^^^^^^^^^^^^
  File "/home/chaos/proyectos/kateto/.venv/lib/python3.13/site-packages/torchaudio/_extension/__init__.py", line 30, in <module>
    _IS_TORCHAUDIO_EXT_AVAILABLE = _load_lib("_torchaudio")
  File "/home/chaos/proyectos/kateto/.venv/lib/python3.13/site-packages/torchaudio/_extension/utils.py", line 56, in _load_lib
    torch.ops.load_library(paths[0])
    ~~~~~~~~~~~~~~~~~~~~~~^^^^^^^^^^
  File "/home/chaos/proyectos/kateto/.venv/lib/python3.13/site-packages/torch/_ops.py", line 1505, in load_library
    raise OSError(f"Could not load this library: {path}") from e
OSError: Could not load this library: /home/chaos/proyectos/kateto/.venv/lib/python3.13/site-packages/torchaudio/lib/_torchaudio.abi3.so
2026-04-22 18:11:14.650 - RealTimeSTT: realtimestt - DEBUG - Device index 28 successfully validated.
2026-04-22 18:11:14.650 - RealTimeSTT: realtimestt - DEBUG - Opening stream with device index 28, sample_rate=16000, chunk_size=1024
2026-04-22 18:11:14.666 - RealTimeSTT: realtimestt - INFO - Microphone connected and validated (device index: 28, sample rate: 16000, chunk size: 1024)
2026-04-22 18:11:14.666 - RealTimeSTT: realtimestt - DEBUG - Audio recording initialized successfully at 16000 Hz, reading 1024 frames at a time
2026-04-22 18:11:15.763 - RealTimeSTT: realtimestt - DEBUG - _audio_data_worker writing audio data into queue.
2026-04-22 18:11:16.789 - RealTimeSTT: realtimestt - DEBUG - _audio_data_worker writing audio data into queue.
2026-04-22 18:11:17.813 - RealTimeSTT: realtimestt - DEBUG - _audio_data_worker writing audio data into queue.
2026-04-22 18:11:18.836 - RealTimeSTT: realtimestt - DEBUG - _audio_data_worker writing audio data into queue.
2026-04-22 18:11:19.859 - RealTimeSTT: realtimestt - DEBUG - _audio_data_worker writing audio data into queue.
2026-04-22 18:11:20.883 - RealTimeSTT: realtimestt - DEBUG - _audio_data_worker writing audio data into queue.
2026-04-22 18:11:21.907 - RealTimeSTT: realtimestt - DEBUG - _audio_data_worker writing audio data into queue.
2026-04-22 18:11:22.931 - RealTimeSTT: realtimestt - DEBUG - _audio_data_worker writing audio data into queue.
2026-04-22 18:11:23.955 - RealTimeSTT: realtimestt - DEBUG - _audio_data_worker writing audio data into queue.
2026-04-22 18:11:24.979 - RealTimeSTT: realtimestt - DEBUG - _audio_data_worker writing audio data into queue.
2026-04-22 18:11:26.003 - RealTimeSTT: realtimestt - DEBUG - _audio_data_worker writing audio data into queue.
2026-04-22 18:11:27.027 - RealTimeSTT: realtimestt - DEBUG - _audio_data_worker writing audio data into queue.
2026-04-22 18:11:28.051 - RealTimeSTT: realtimestt - DEBUG - _audio_data_worker writing audio data into queue.
2026-04-22 18:11:29.075 - RealTimeSTT: realtimestt - DEBUG - _audio_data_worker writing audio data into queue.
2026-04-22 18:11:30.099 - RealTimeSTT: realtimestt - DEBUG - _audio_data_worker writing audio data into queue.
2026-04-22 18:11:31.123 - RealTimeSTT: realtimestt - DEBUG - _audio_data_worker writing audio data into queue.
2026-04-22 18:11:32.147 - RealTimeSTT: realtimestt - DEBUG - _audio_data_worker writing audio data into queue.
2026-04-22 18:11:33.171 - RealTimeSTT: realtimestt - DEBUG - _audio_data_worker writing audio data into queue.
2026-04-22 18:11:34.195 - RealTimeSTT: realtimestt - DEBUG - _audio_data_worker writing audio data into queue.
2026-04-22 18:11:35.219 - RealTimeSTT: realtimestt - DEBUG - _audio_data_worker writing audio data into queue.
2026-04-22 18:11:36.243 - RealTimeSTT: realtimestt - DEBUG - _audio_data_worker writing audio data into queue.
2026-04-22 18:11:37.267 - RealTimeSTT: realtimestt - DEBUG - _audio_data_worker writing audio data into queue.
2026-04-22 18:11:38.291 - RealTimeSTT: realtimestt - DEBUG - _audio_data_worker writing audio data into queue.
2026-04-22 18:45:12.673 - RealTimeSTT: realtimestt - INFO - Starting RealTimeSTT
2026-04-22 18:45:12.678 - RealTimeSTT: realtimestt - INFO - Initializing audio recording (creating pyAudio input stream, sample rate: 16000 buffer size: 512
2026-04-22 18:45:12.678 - RealTimeSTT: realtimestt - DEBUG - Starting audio data worker with target_sample_rate=16000, buffer_size=512, input_device_index=None
2026-04-22 18:45:12.678 - RealTimeSTT: realtimestt - DEBUG - Creating PyAudio interface...
2026-04-22 18:45:12.678 - RealTimeSTT: realtimestt - INFO - Initializing WebRTC voice with Sensitivity 3
2026-04-22 18:45:12.678 - RealTimeSTT: realtimestt - DEBUG - WebRTC VAD voice activity detection engine initialized successfully
2026-04-22 18:45:12.806 - RealTimeSTT: realtimestt - ERROR - Error initializing Silero VAD voice activity detection engine: Could not load this library: /home/chaos/proyectos/kateto/.venv/lib/python3.13/site-packages/torchaudio/lib/_torchaudio.abi3.so
Traceback (most recent call last):
  File "/home/chaos/proyectos/kateto/.venv/lib/python3.13/site-packages/torch/_ops.py", line 1503, in load_library
    ctypes.CDLL(path)
    ~~~~~~~~~~~^^^^^^
  File "/home/chaos/.local/share/uv/python/cpython-3.13.12-linux-x86_64-gnu/lib/python3.13/ctypes/__init__.py", line 361, in __init__
    self._handle = self._load_library(name, mode, handle, winmode)
                   ~~~~~~~~~~~~~~~~~~^^^^^^^^^^^^^^^^^^^^^^^^^^^^^
  File "/home/chaos/.local/share/uv/python/cpython-3.13.12-linux-x86_64-gnu/lib/python3.13/ctypes/__init__.py", line 401, in _load_library
    return _dlopen(name, mode)
OSError: libc10_cuda.so: cannot open shared object file: No such file or directory

The above exception was the direct cause of the following exception:

Traceback (most recent call last):
  File "/home/chaos/proyectos/kateto/.venv/lib/python3.13/site-packages/RealtimeSTT/audio_recorder.py", line 922, in __init__
    self.silero_vad_model, _ = torch.hub.load(
                               ~~~~~~~~~~~~~~^
        repo_or_dir="snakers4/silero-vad",
        ^^^^^^^^^^^^^^^^^^^^^^^^^^^^^^^^^^
    ...<2 lines>...
        onnx=silero_use_onnx
        ^^^^^^^^^^^^^^^^^^^^
    )
    ^
  File "/home/chaos/proyectos/kateto/.venv/lib/python3.13/site-packages/torch/hub.py", line 669, in load
    model = _load_local(repo_or_dir, model, *args, **kwargs)
  File "/home/chaos/proyectos/kateto/.venv/lib/python3.13/site-packages/torch/hub.py", line 699, in _load_local
    hub_module = _import_module(MODULE_HUBCONF, hubconf_path)
  File "/home/chaos/proyectos/kateto/.venv/lib/python3.13/site-packages/torch/hub.py", line 118, in _import_module
    spec.loader.exec_module(module)
    ~~~~~~~~~~~~~~~~~~~~~~~^^^^^^^^
  File "<frozen importlib._bootstrap_external>", line 1023, in exec_module
  File "<frozen importlib._bootstrap>", line 488, in _call_with_frames_removed
  File "/home/chaos/.cache/torch/hub/snakers4_silero-vad_master/hubconf.py", line 6, in <module>
    from silero_vad.utils_vad import (init_jit_model,
    ...<5 lines>...
                                      OnnxWrapper)
  File "/home/chaos/.cache/torch/hub/snakers4_silero-vad_master/src/silero_vad/__init__.py", line 7, in <module>
    from silero_vad.model import load_silero_vad
  File "/home/chaos/.cache/torch/hub/snakers4_silero-vad_master/src/silero_vad/model.py", line 1, in <module>
    from .utils_vad import init_jit_model, OnnxWrapper
  File "/home/chaos/.cache/torch/hub/snakers4_silero-vad_master/src/silero_vad/utils_vad.py", line 2, in <module>
    import torchaudio
  File "/home/chaos/proyectos/kateto/.venv/lib/python3.13/site-packages/torchaudio/__init__.py", line 7, in <module>
    from . import _extension  # noqa  # usort: skip
    ^^^^^^^^^^^^^^^^^^^^^^^^
  File "/home/chaos/proyectos/kateto/.venv/lib/python3.13/site-packages/torchaudio/_extension/__init__.py", line 30, in <module>
    _IS_TORCHAUDIO_EXT_AVAILABLE = _load_lib("_torchaudio")
  File "/home/chaos/proyectos/kateto/.venv/lib/python3.13/site-packages/torchaudio/_extension/utils.py", line 56, in _load_lib
    torch.ops.load_library(paths[0])
    ~~~~~~~~~~~~~~~~~~~~~~^^^^^^^^^^
  File "/home/chaos/proyectos/kateto/.venv/lib/python3.13/site-packages/torch/_ops.py", line 1505, in load_library
    raise OSError(f"Could not load this library: {path}") from e
OSError: Could not load this library: /home/chaos/proyectos/kateto/.venv/lib/python3.13/site-packages/torchaudio/lib/_torchaudio.abi3.so
2026-04-22 18:45:13.051 - RealTimeSTT: realtimestt - DEBUG - No device index supplied; using default device 28
2026-04-22 18:45:13.051 - RealTimeSTT: realtimestt - DEBUG - Retrieving highest sample rate for device index 28: {'index': 28, 'structVersion': 2, 'name': 'default', 'hostApi': 0, 'maxInputChannels': 128, 'maxOutputChannels': 128, 'defaultLowInputLatency': 0.008707482993197279, 'defaultLowOutputLatency': 0.008707482993197279, 'defaultHighInputLatency': 0.034829931972789115, 'defaultHighOutputLatency': 0.034829931972789115, 'defaultSampleRate': 44100.0}
2026-04-22 18:45:13.051 - RealTimeSTT: realtimestt - DEBUG - Highest supported sample rate for device index 28 is 44100
2026-04-22 18:45:13.051 - RealTimeSTT: realtimestt - DEBUG - Sample rates to try for device 28: [16000, 44100]
2026-04-22 18:45:13.051 - RealTimeSTT: realtimestt - DEBUG - Attempting to initialize audio stream at 16000 Hz.
2026-04-22 18:45:13.051 - RealTimeSTT: realtimestt - DEBUG - Found 35 total audio devices on the system.
2026-04-22 18:45:13.052 - RealTimeSTT: realtimestt - DEBUG - Available input devices with input channels: [0, 2, 3, 10, 17, 18, 19, 20, 21, 22, 24, 25, 26, 28, 29, 30, 31, 32, 33, 34]
2026-04-22 18:45:13.052 - RealTimeSTT: realtimestt - DEBUG - Validating device index 28 with info: {'index': 28, 'structVersion': 2, 'name': 'default', 'hostApi': 0, 'maxInputChannels': 128, 'maxOutputChannels': 128, 'defaultLowInputLatency': 0.008707482993197279, 'defaultLowOutputLatency': 0.008707482993197279, 'defaultHighInputLatency': 0.034829931972789115, 'defaultHighOutputLatency': 0.034829931972789115, 'defaultSampleRate': 44100.0}
2026-04-22 18:45:13.153 - RealTimeSTT: realtimestt - DEBUG - Device index 28 successfully validated.
2026-04-22 18:45:13.153 - RealTimeSTT: realtimestt - DEBUG - Opening stream with device index 28, sample_rate=16000, chunk_size=1024
2026-04-22 18:45:13.170 - RealTimeSTT: realtimestt - INFO - Microphone connected and validated (device index: 28, sample rate: 16000, chunk size: 1024)
2026-04-22 18:45:13.170 - RealTimeSTT: realtimestt - DEBUG - Audio recording initialized successfully at 16000 Hz, reading 1024 frames at a time
2026-04-22 18:45:14.270 - RealTimeSTT: realtimestt - DEBUG - _audio_data_worker writing audio data into queue.
2026-04-22 18:45:21.088 - RealTimeSTT: realtimestt - INFO - Starting RealTimeSTT
2026-04-22 18:45:21.093 - RealTimeSTT: realtimestt - INFO - Initializing audio recording (creating pyAudio input stream, sample rate: 16000 buffer size: 512
2026-04-22 18:45:21.093 - RealTimeSTT: realtimestt - DEBUG - Starting audio data worker with target_sample_rate=16000, buffer_size=512, input_device_index=None
2026-04-22 18:45:21.094 - RealTimeSTT: realtimestt - INFO - Initializing WebRTC voice with Sensitivity 3
2026-04-22 18:45:21.094 - RealTimeSTT: realtimestt - DEBUG - Creating PyAudio interface...
2026-04-22 18:45:21.094 - RealTimeSTT: realtimestt - DEBUG - WebRTC VAD voice activity detection engine initialized successfully
2026-04-22 18:45:21.166 - RealTimeSTT: realtimestt - DEBUG - No device index supplied; using default device 28
2026-04-22 18:45:21.166 - RealTimeSTT: realtimestt - DEBUG - Retrieving highest sample rate for device index 28: {'index': 28, 'structVersion': 2, 'name': 'default', 'hostApi': 0, 'maxInputChannels': 128, 'maxOutputChannels': 128, 'defaultLowInputLatency': 0.008707482993197279, 'defaultLowOutputLatency': 0.008707482993197279, 'defaultHighInputLatency': 0.034829931972789115, 'defaultHighOutputLatency': 0.034829931972789115, 'defaultSampleRate': 44100.0}
2026-04-22 18:45:21.166 - RealTimeSTT: realtimestt - DEBUG - Highest supported sample rate for device index 28 is 44100
2026-04-22 18:45:21.166 - RealTimeSTT: realtimestt - DEBUG - Sample rates to try for device 28: [16000, 44100]
2026-04-22 18:45:21.166 - RealTimeSTT: realtimestt - DEBUG - Attempting to initialize audio stream at 16000 Hz.
2026-04-22 18:45:21.166 - RealTimeSTT: realtimestt - DEBUG - Found 35 total audio devices on the system.
2026-04-22 18:45:21.166 - RealTimeSTT: realtimestt - DEBUG - Available input devices with input channels: [0, 2, 3, 10, 17, 18, 19, 20, 21, 22, 24, 25, 26, 28, 29, 30, 31, 32, 33, 34]
2026-04-22 18:45:21.166 - RealTimeSTT: realtimestt - DEBUG - Validating device index 28 with info: {'index': 28, 'structVersion': 2, 'name': 'default', 'hostApi': 0, 'maxInputChannels': 128, 'maxOutputChannels': 128, 'defaultLowInputLatency': 0.008707482993197279, 'defaultLowOutputLatency': 0.008707482993197279, 'defaultHighInputLatency': 0.034829931972789115, 'defaultHighOutputLatency': 0.034829931972789115, 'defaultSampleRate': 44100.0}
2026-04-22 18:45:21.217 - RealTimeSTT: realtimestt - ERROR - Error initializing Silero VAD voice activity detection engine: Could not load this library: /home/chaos/proyectos/kateto/.venv/lib/python3.13/site-packages/torchaudio/lib/_torchaudio.abi3.so
Traceback (most recent call last):
  File "/home/chaos/proyectos/kateto/.venv/lib/python3.13/site-packages/torch/_ops.py", line 1503, in load_library
    ctypes.CDLL(path)
    ~~~~~~~~~~~^^^^^^
  File "/home/chaos/.local/share/uv/python/cpython-3.13.12-linux-x86_64-gnu/lib/python3.13/ctypes/__init__.py", line 361, in __init__
    self._handle = self._load_library(name, mode, handle, winmode)
                   ~~~~~~~~~~~~~~~~~~^^^^^^^^^^^^^^^^^^^^^^^^^^^^^
  File "/home/chaos/.local/share/uv/python/cpython-3.13.12-linux-x86_64-gnu/lib/python3.13/ctypes/__init__.py", line 401, in _load_library
    return _dlopen(name, mode)
OSError: libc10_cuda.so: cannot open shared object file: No such file or directory

The above exception was the direct cause of the following exception:

Traceback (most recent call last):
  File "/home/chaos/proyectos/kateto/.venv/lib/python3.13/site-packages/RealtimeSTT/audio_recorder.py", line 922, in __init__
    self.silero_vad_model, _ = torch.hub.load(
                               ~~~~~~~~~~~~~~^
        repo_or_dir="snakers4/silero-vad",
        ^^^^^^^^^^^^^^^^^^^^^^^^^^^^^^^^^^
    ...<2 lines>...
        onnx=silero_use_onnx
        ^^^^^^^^^^^^^^^^^^^^
    )
    ^
  File "/home/chaos/proyectos/kateto/.venv/lib/python3.13/site-packages/torch/hub.py", line 669, in load
    model = _load_local(repo_or_dir, model, *args, **kwargs)
  File "/home/chaos/proyectos/kateto/.venv/lib/python3.13/site-packages/torch/hub.py", line 699, in _load_local
    hub_module = _import_module(MODULE_HUBCONF, hubconf_path)
  File "/home/chaos/proyectos/kateto/.venv/lib/python3.13/site-packages/torch/hub.py", line 118, in _import_module
    spec.loader.exec_module(module)
    ~~~~~~~~~~~~~~~~~~~~~~~^^^^^^^^
  File "<frozen importlib._bootstrap_external>", line 1023, in exec_module
  File "<frozen importlib._bootstrap>", line 488, in _call_with_frames_removed
  File "/home/chaos/.cache/torch/hub/snakers4_silero-vad_master/hubconf.py", line 6, in <module>
    from silero_vad.utils_vad import (init_jit_model,
    ...<5 lines>...
                                      OnnxWrapper)
  File "/home/chaos/.cache/torch/hub/snakers4_silero-vad_master/src/silero_vad/__init__.py", line 7, in <module>
    from silero_vad.model import load_silero_vad
  File "/home/chaos/.cache/torch/hub/snakers4_silero-vad_master/src/silero_vad/model.py", line 1, in <module>
    from .utils_vad import init_jit_model, OnnxWrapper
  File "/home/chaos/.cache/torch/hub/snakers4_silero-vad_master/src/silero_vad/utils_vad.py", line 2, in <module>
    import torchaudio
  File "/home/chaos/proyectos/kateto/.venv/lib/python3.13/site-packages/torchaudio/__init__.py", line 7, in <module>
    from . import _extension  # noqa  # usort: skip
    ^^^^^^^^^^^^^^^^^^^^^^^^
  File "/home/chaos/proyectos/kateto/.venv/lib/python3.13/site-packages/torchaudio/_extension/__init__.py", line 30, in <module>
    _IS_TORCHAUDIO_EXT_AVAILABLE = _load_lib("_torchaudio")
  File "/home/chaos/proyectos/kateto/.venv/lib/python3.13/site-packages/torchaudio/_extension/utils.py", line 56, in _load_lib
    torch.ops.load_library(paths[0])
    ~~~~~~~~~~~~~~~~~~~~~~^^^^^^^^^^
  File "/home/chaos/proyectos/kateto/.venv/lib/python3.13/site-packages/torch/_ops.py", line 1505, in load_library
    raise OSError(f"Could not load this library: {path}") from e
OSError: Could not load this library: /home/chaos/proyectos/kateto/.venv/lib/python3.13/site-packages/torchaudio/lib/_torchaudio.abi3.so
2026-04-22 18:45:21.265 - RealTimeSTT: realtimestt - DEBUG - Device index 28 successfully validated.
2026-04-22 18:45:21.265 - RealTimeSTT: realtimestt - DEBUG - Opening stream with device index 28, sample_rate=16000, chunk_size=1024
2026-04-22 18:45:21.278 - RealTimeSTT: realtimestt - INFO - Microphone connected and validated (device index: 28, sample rate: 16000, chunk size: 1024)
2026-04-22 18:45:21.278 - RealTimeSTT: realtimestt - DEBUG - Audio recording initialized successfully at 16000 Hz, reading 1024 frames at a time
2026-04-22 18:45:22.382 - RealTimeSTT: realtimestt - DEBUG - _audio_data_worker writing audio data into queue.
2026-04-22 18:45:23.409 - RealTimeSTT: realtimestt - DEBUG - _audio_data_worker writing audio data into queue.
2026-04-22 18:45:24.432 - RealTimeSTT: realtimestt - DEBUG - _audio_data_worker writing audio data into queue.
2026-04-22 18:45:25.456 - RealTimeSTT: realtimestt - DEBUG - _audio_data_worker writing audio data into queue.
2026-04-22 18:45:26.479 - RealTimeSTT: realtimestt - DEBUG - _audio_data_worker writing audio data into queue.
2026-04-22 18:45:27.503 - RealTimeSTT: realtimestt - DEBUG - _audio_data_worker writing audio data into queue.
2026-04-22 18:45:28.527 - RealTimeSTT: realtimestt - DEBUG - _audio_data_worker writing audio data into queue.
2026-04-22 18:45:29.551 - RealTimeSTT: realtimestt - DEBUG - _audio_data_worker writing audio data into queue.
2026-04-22 18:45:30.574 - RealTimeSTT: realtimestt - DEBUG - _audio_data_worker writing audio data into queue.
2026-04-22 18:55:35.296 - RealTimeSTT: realtimestt - INFO - Starting RealTimeSTT
2026-04-22 18:55:35.299 - RealTimeSTT: realtimestt - INFO - Initializing audio recording (creating pyAudio input stream, sample rate: 16000 buffer size: 512
2026-04-22 18:55:35.300 - RealTimeSTT: realtimestt - DEBUG - Starting audio data worker with target_sample_rate=16000, buffer_size=512, input_device_index=None
2026-04-22 18:55:35.300 - RealTimeSTT: realtimestt - INFO - Initializing WebRTC voice with Sensitivity 3
2026-04-22 18:55:35.300 - RealTimeSTT: realtimestt - DEBUG - Creating PyAudio interface...
2026-04-22 18:55:35.300 - RealTimeSTT: realtimestt - DEBUG - WebRTC VAD voice activity detection engine initialized successfully
2026-04-22 18:55:35.682 - RealTimeSTT: realtimestt - DEBUG - No device index supplied; using default device 28
2026-04-22 18:55:35.682 - RealTimeSTT: realtimestt - DEBUG - Retrieving highest sample rate for device index 28: {'index': 28, 'structVersion': 2, 'name': 'default', 'hostApi': 0, 'maxInputChannels': 128, 'maxOutputChannels': 128, 'defaultLowInputLatency': 0.008707482993197279, 'defaultLowOutputLatency': 0.008707482993197279, 'defaultHighInputLatency': 0.034829931972789115, 'defaultHighOutputLatency': 0.034829931972789115, 'defaultSampleRate': 44100.0}
2026-04-22 18:55:35.683 - RealTimeSTT: realtimestt - DEBUG - Highest supported sample rate for device index 28 is 44100
2026-04-22 18:55:35.683 - RealTimeSTT: realtimestt - DEBUG - Sample rates to try for device 28: [16000, 44100]
2026-04-22 18:55:35.683 - RealTimeSTT: realtimestt - DEBUG - Attempting to initialize audio stream at 16000 Hz.
2026-04-22 18:55:35.683 - RealTimeSTT: realtimestt - DEBUG - Found 35 total audio devices on the system.
2026-04-22 18:55:35.683 - RealTimeSTT: realtimestt - DEBUG - Available input devices with input channels: [0, 2, 3, 10, 17, 18, 19, 20, 21, 22, 24, 25, 26, 28, 29, 30, 31, 32, 33, 34]
2026-04-22 18:55:35.683 - RealTimeSTT: realtimestt - DEBUG - Validating device index 28 with info: {'index': 28, 'structVersion': 2, 'name': 'default', 'hostApi': 0, 'maxInputChannels': 128, 'maxOutputChannels': 128, 'defaultLowInputLatency': 0.008707482993197279, 'defaultLowOutputLatency': 0.008707482993197279, 'defaultHighInputLatency': 0.034829931972789115, 'defaultHighOutputLatency': 0.034829931972789115, 'defaultSampleRate': 44100.0}
2026-04-22 18:55:35.787 - RealTimeSTT: realtimestt - DEBUG - Device index 28 successfully validated.
2026-04-22 18:55:35.788 - RealTimeSTT: realtimestt - DEBUG - Opening stream with device index 28, sample_rate=16000, chunk_size=1024
2026-04-22 18:55:35.803 - RealTimeSTT: realtimestt - INFO - Microphone connected and validated (device index: 28, sample rate: 16000, chunk size: 1024)
2026-04-22 18:55:35.803 - RealTimeSTT: realtimestt - DEBUG - Audio recording initialized successfully at 16000 Hz, reading 1024 frames at a time
2026-04-22 18:55:36.039 - RealTimeSTT: realtimestt - DEBUG - Silero VAD voice activity detection engine initialized successfully
2026-04-22 18:55:36.043 - RealTimeSTT: realtimestt - DEBUG - Starting realtime worker
2026-04-22 18:55:36.043 - RealTimeSTT: realtimestt - DEBUG - Waiting for main transcription model to start
2026-04-22 18:55:36.120 - RealTimeSTT: realtimestt - DEBUG - Main transcription model ready
2026-04-22 18:55:36.121 - RealTimeSTT: realtimestt - DEBUG - RealtimeSTT initialization completed successfully
2026-04-22 18:55:36.121 - RealTimeSTT: realtimestt - INFO - Setting listen time
2026-04-22 18:55:36.121 - RealTimeSTT: realtimestt - INFO - State changed from 'inactive' to 'listening'
2026-04-22 18:55:36.121 - RealTimeSTT: realtimestt - DEBUG - Waiting for recording start
2026-04-22 18:55:36.899 - RealTimeSTT: realtimestt - DEBUG - _audio_data_worker writing audio data into queue.
2026-04-22 18:55:37.926 - RealTimeSTT: realtimestt - DEBUG - _audio_data_worker writing audio data into queue.
2026-04-22 18:55:38.950 - RealTimeSTT: realtimestt - DEBUG - _audio_data_worker writing audio data into queue.
2026-04-22 18:55:39.973 - RealTimeSTT: realtimestt - DEBUG - _audio_data_worker writing audio data into queue.
2026-04-22 18:55:40.996 - RealTimeSTT: realtimestt - DEBUG - _audio_data_worker writing audio data into queue.
2026-04-22 18:55:42.020 - RealTimeSTT: realtimestt - DEBUG - _audio_data_worker writing audio data into queue.
2026-04-22 18:55:43.044 - RealTimeSTT: realtimestt - DEBUG - _audio_data_worker writing audio data into queue.
2026-04-22 18:58:27.320 - RealTimeSTT: realtimestt - INFO - Starting RealTimeSTT
2026-04-22 18:58:27.324 - RealTimeSTT: realtimestt - INFO - Initializing audio recording (creating pyAudio input stream, sample rate: 16000 buffer size: 512
2026-04-22 18:58:27.324 - RealTimeSTT: realtimestt - DEBUG - Starting audio data worker with target_sample_rate=16000, buffer_size=512, input_device_index=None
2026-04-22 18:58:27.324 - RealTimeSTT: realtimestt - INFO - Initializing WebRTC voice with Sensitivity 3
2026-04-22 18:58:27.324 - RealTimeSTT: realtimestt - DEBUG - Creating PyAudio interface...
2026-04-22 18:58:27.324 - RealTimeSTT: realtimestt - DEBUG - WebRTC VAD voice activity detection engine initialized successfully
2026-04-22 18:58:27.660 - RealTimeSTT: realtimestt - DEBUG - No device index supplied; using default device 28
2026-04-22 18:58:27.660 - RealTimeSTT: realtimestt - DEBUG - Retrieving highest sample rate for device index 28: {'index': 28, 'structVersion': 2, 'name': 'default', 'hostApi': 0, 'maxInputChannels': 128, 'maxOutputChannels': 128, 'defaultLowInputLatency': 0.008707482993197279, 'defaultLowOutputLatency': 0.008707482993197279, 'defaultHighInputLatency': 0.034829931972789115, 'defaultHighOutputLatency': 0.034829931972789115, 'defaultSampleRate': 44100.0}
2026-04-22 18:58:27.660 - RealTimeSTT: realtimestt - DEBUG - Highest supported sample rate for device index 28 is 44100
2026-04-22 18:58:27.660 - RealTimeSTT: realtimestt - DEBUG - Sample rates to try for device 28: [16000, 44100]
2026-04-22 18:58:27.660 - RealTimeSTT: realtimestt - DEBUG - Attempting to initialize audio stream at 16000 Hz.
2026-04-22 18:58:27.660 - RealTimeSTT: realtimestt - DEBUG - Found 35 total audio devices on the system.
2026-04-22 18:58:27.660 - RealTimeSTT: realtimestt - DEBUG - Available input devices with input channels: [0, 2, 3, 10, 17, 18, 19, 20, 21, 22, 24, 25, 26, 28, 29, 30, 31, 32, 33, 34]
2026-04-22 18:58:27.660 - RealTimeSTT: realtimestt - DEBUG - Validating device index 28 with info: {'index': 28, 'structVersion': 2, 'name': 'default', 'hostApi': 0, 'maxInputChannels': 128, 'maxOutputChannels': 128, 'defaultLowInputLatency': 0.008707482993197279, 'defaultLowOutputLatency': 0.008707482993197279, 'defaultHighInputLatency': 0.034829931972789115, 'defaultHighOutputLatency': 0.034829931972789115, 'defaultSampleRate': 44100.0}
2026-04-22 18:58:27.784 - RealTimeSTT: realtimestt - DEBUG - Device index 28 successfully validated.
2026-04-22 18:58:27.784 - RealTimeSTT: realtimestt - DEBUG - Opening stream with device index 28, sample_rate=16000, chunk_size=1024
2026-04-22 18:58:27.865 - RealTimeSTT: realtimestt - DEBUG - Silero VAD voice activity detection engine initialized successfully
2026-04-22 18:58:27.865 - RealTimeSTT: realtimestt - INFO - Microphone connected and validated (device index: 28, sample rate: 16000, chunk size: 1024)
2026-04-22 18:58:27.866 - RealTimeSTT: realtimestt - DEBUG - Audio recording initialized successfully at 16000 Hz, reading 1024 frames at a time
2026-04-22 18:58:27.866 - RealTimeSTT: realtimestt - DEBUG - Starting realtime worker
2026-04-22 18:58:27.866 - RealTimeSTT: realtimestt - DEBUG - Waiting for main transcription model to start
2026-04-22 18:58:28.027 - RealTimeSTT: realtimestt - DEBUG - Main transcription model ready
2026-04-22 18:58:28.027 - RealTimeSTT: realtimestt - DEBUG - RealtimeSTT initialization completed successfully
2026-04-22 18:58:28.028 - RealTimeSTT: realtimestt - INFO - Setting listen time
2026-04-22 18:58:28.028 - RealTimeSTT: realtimestt - INFO - State changed from 'inactive' to 'listening'
2026-04-22 18:58:28.028 - RealTimeSTT: realtimestt - DEBUG - Waiting for recording start
2026-04-22 18:58:28.971 - RealTimeSTT: realtimestt - DEBUG - _audio_data_worker writing audio data into queue.
2026-04-22 18:58:29.998 - RealTimeSTT: realtimestt - DEBUG - _audio_data_worker writing audio data into queue.
2026-04-22 18:58:31.021 - RealTimeSTT: realtimestt - DEBUG - _audio_data_worker writing audio data into queue.
2026-04-22 18:58:32.044 - RealTimeSTT: realtimestt - DEBUG - _audio_data_worker writing audio data into queue.
2026-04-22 18:58:33.068 - RealTimeSTT: realtimestt - DEBUG - _audio_data_worker writing audio data into queue.
2026-04-22 18:58:34.091 - RealTimeSTT: realtimestt - DEBUG - _audio_data_worker writing audio data into queue.
2026-04-22 18:58:35.115 - RealTimeSTT: realtimestt - DEBUG - _audio_data_worker writing audio data into queue.
2026-04-22 18:58:35.608 - RealTimeSTT: realtimestt - INFO - KeyboardInterrupt in wait_audio, shutting down
2026-04-22 18:58:35.608 - RealTimeSTT: realtimestt - DEBUG - Finishing recording thread
2026-04-22 18:58:35.613 - RealTimeSTT: realtimestt - DEBUG - Terminating reader process
2026-04-22 18:58:35.672 - RealTimeSTT: realtimestt - DEBUG - Terminating transcription process
2026-04-22 18:58:35.672 - RealTimeSTT: realtimestt - DEBUG - Finishing realtime thread
2026-04-22 18:58:35.771 - RealTimeSTT: realtimestt - INFO - KeyboardInterrupt in text() method
2026-04-22 19:05:09.883 - RealTimeSTT: realtimestt - INFO - Starting RealTimeSTT
2026-04-22 19:05:09.909 - RealTimeSTT: realtimestt - INFO - Initializing audio recording (creating pyAudio input stream, sample rate: 16000 buffer size: 512
2026-04-22 19:05:09.913 - RealTimeSTT: realtimestt - DEBUG - Starting audio data worker with target_sample_rate=16000, buffer_size=512, input_device_index=None
2026-04-22 19:05:09.913 - RealTimeSTT: realtimestt - INFO - Initializing WebRTC voice with Sensitivity 3
2026-04-22 19:05:09.914 - RealTimeSTT: realtimestt - DEBUG - Creating PyAudio interface...
2026-04-22 19:05:09.914 - RealTimeSTT: realtimestt - DEBUG - WebRTC VAD voice activity detection engine initialized successfully
2026-04-22 19:05:10.394 - RealTimeSTT: realtimestt - DEBUG - No device index supplied; using default device 28
2026-04-22 19:05:10.394 - RealTimeSTT: realtimestt - DEBUG - Retrieving highest sample rate for device index 28: {'index': 28, 'structVersion': 2, 'name': 'default', 'hostApi': 0, 'maxInputChannels': 128, 'maxOutputChannels': 128, 'defaultLowInputLatency': 0.008707482993197279, 'defaultLowOutputLatency': 0.008707482993197279, 'defaultHighInputLatency': 0.034829931972789115, 'defaultHighOutputLatency': 0.034829931972789115, 'defaultSampleRate': 44100.0}
2026-04-22 19:05:10.395 - RealTimeSTT: realtimestt - DEBUG - Highest supported sample rate for device index 28 is 44100
2026-04-22 19:05:10.395 - RealTimeSTT: realtimestt - DEBUG - Sample rates to try for device 28: [16000, 44100]
2026-04-22 19:05:10.395 - RealTimeSTT: realtimestt - DEBUG - Attempting to initialize audio stream at 16000 Hz.
2026-04-22 19:05:10.395 - RealTimeSTT: realtimestt - DEBUG - Found 34 total audio devices on the system.
2026-04-22 19:05:10.395 - RealTimeSTT: realtimestt - DEBUG - Available input devices with input channels: [0, 2, 3, 10, 17, 18, 19, 20, 21, 22, 24, 25, 26, 28, 29, 30, 31, 32, 33]
2026-04-22 19:05:10.395 - RealTimeSTT: realtimestt - DEBUG - Validating device index 28 with info: {'index': 28, 'structVersion': 2, 'name': 'default', 'hostApi': 0, 'maxInputChannels': 128, 'maxOutputChannels': 128, 'defaultLowInputLatency': 0.008707482993197279, 'defaultLowOutputLatency': 0.008707482993197279, 'defaultHighInputLatency': 0.034829931972789115, 'defaultHighOutputLatency': 0.034829931972789115, 'defaultSampleRate': 44100.0}
2026-04-22 19:05:10.587 - RealTimeSTT: realtimestt - DEBUG - Device index 28 successfully validated.
2026-04-22 19:05:10.587 - RealTimeSTT: realtimestt - DEBUG - Opening stream with device index 28, sample_rate=16000, chunk_size=1024
2026-04-22 19:05:10.589 - RealTimeSTT: realtimestt - DEBUG - Silero VAD voice activity detection engine initialized successfully
2026-04-22 19:05:10.590 - RealTimeSTT: realtimestt - DEBUG - Starting realtime worker
2026-04-22 19:05:10.590 - RealTimeSTT: realtimestt - DEBUG - Waiting for main transcription model to start
2026-04-22 19:05:10.614 - RealTimeSTT: realtimestt - INFO - Microphone connected and validated (device index: 28, sample rate: 16000, chunk size: 1024)
2026-04-22 19:05:10.615 - RealTimeSTT: realtimestt - DEBUG - Audio recording initialized successfully at 16000 Hz, reading 1024 frames at a time
2026-04-22 19:05:10.931 - RealTimeSTT: realtimestt - DEBUG - Main transcription model ready
2026-04-22 19:05:10.931 - RealTimeSTT: realtimestt - DEBUG - RealtimeSTT initialization completed successfully
2026-04-22 19:05:10.931 - RealTimeSTT: realtimestt - INFO - Setting listen time
2026-04-22 19:05:10.931 - RealTimeSTT: realtimestt - INFO - State changed from 'inactive' to 'listening'
2026-04-22 19:05:10.932 - RealTimeSTT: realtimestt - DEBUG - Waiting for recording start
2026-04-22 19:05:11.704 - RealTimeSTT: realtimestt - DEBUG - _audio_data_worker writing audio data into queue.
2026-04-22 19:05:12.730 - RealTimeSTT: realtimestt - DEBUG - _audio_data_worker writing audio data into queue.
2026-04-22 19:05:13.754 - RealTimeSTT: realtimestt - DEBUG - _audio_data_worker writing audio data into queue.
2026-04-22 19:05:14.124 - RealTimeSTT: realtimestt - INFO - KeyboardInterrupt in wait_audio, shutting down
2026-04-22 19:05:14.124 - RealTimeSTT: realtimestt - DEBUG - Finishing recording thread
2026-04-22 19:05:14.126 - RealTimeSTT: realtimestt - DEBUG - Terminating reader process
2026-04-22 19:05:14.192 - RealTimeSTT: realtimestt - DEBUG - Terminating transcription process
2026-04-22 19:05:14.192 - RealTimeSTT: realtimestt - DEBUG - Finishing realtime thread
2026-04-22 19:05:14.284 - RealTimeSTT: realtimestt - INFO - KeyboardInterrupt in text() method
